{
	"message": "Data found successfully.",
	"result": [
		{
		"code": 1,
		"name": "VLAN (Create/Delete/Modify)",
		"file": "vlan.yml",
		"help": "https://www.youtube.com/embed/dOZxIpy6Gm4"
		},
		{
		"code": 2,
		"name": "VLAG (Create/Delete/Modify)",
		"file": "vlag.yml",
		"help": "https://www.youtube.com/channel/UCUFgkRb0ZHc4Rpq15VRCICA?v=dOZxIpy6Gm4"
		},
		{
		"code": 3,
		"name": "Cluster (Create/Delete/Modify)",
		"file": "cluster.yml",
		"help": "https://www.youtube.com/channel/UCUFgkRb0ZHc4Rpq15VRCICA?v=dOZxIpy6Gm4"
		},
		{
		"code": 4,
		"name": "Trunk (Create/Delete/Modify)",
		"file": "trunk.yml",
		"help": "https://www.youtube.com/channel/UCUFgkRb0ZHc4Rpq15VRCICA?v=dOZxIpy6Gm4"
		},
		{
		"code": 5,
		"name": "vRouter (Create/Delete/Modify)",
		"file": "vRouter.yml",
		"help": "https://www.youtube.com/channel/UCUFgkRb0ZHc4Rpq15VRCICA?v=dOZxIpy6Gm4"
		},
		{
		"code": 6,
		"name": "vRouter I/F (Add/Remove)",
		"file": "vRouterIF.yml",
		"help": "https://www.youtube.com/channel/UCUFgkRb0ZHc4Rpq15VRCICA?v=dOZxIpy6Gm4"
		},
		{
		"code": 7,
		"name": "vRouter Loopback I/F (Add/Remove)",
		"file": "vRouterLBIF.yml",
		"help": "https://www.youtube.com/channel/UCUFgkRb0ZHc4Rpq15VRCICA?v=dOZxIpy6Gm4"
		},
		{
		"code": 8,
		"name": "vRouter BGP (Add/Remove)",
		"file": "vRouterBGP.yml",
		"help": "https://www.youtube.com/channel/UCUFgkRb0ZHc4Rpq15VRCICA?v=dOZxIpy6Gm4"
		},
		{
		"code": 9,
		"name": "vRouter OSPF (Add/Remove)",
		"file": "vRouterOSPF.yml",
		"help": "https://www.youtube.com/channel/UCUFgkRb0ZHc4Rpq15VRCICA?v=dOZxIpy6Gm4"
		}
	]
}
