{
  "message": "Data found successfully.",
  "result": [
    {
      "name": "100",
      "type": "speed"
    },
    {
      "name": "spine01",
      "type": "switch name"
    },
    {
      "name": "10000",
      "type": "speed"
    },
    {
      "name": "auto-128",
      "type": "trunk"
    },
    {
      "name": "to-sp0102",
      "type": "trunk"
    },
    {
      "name": "pn-dev01",
      "type": "switch name"
    },
    {
      "name": "tr1",
      "type": "trunk"
    },
    {
      "name": "b0000a3:1",
      "type": "vlag"
    },
    {
      "name": "128",
      "type": "trunk"
    },
    {
      "name": "cruxb1",
      "type": "switch name"
    },
    {
      "name": "pn-lab01",
      "type": "switch name"
    },
    {
      "name": "129",
      "type": "trunk"
    },
    {
      "name": "1000",
      "type": "speed"
    },
    {
      "name": "vlag-vmw-1",
      "type": "vlag"
    }
  ]
}