{
  "message": "Data found successfully.",
  "result": {
    "fabrics": [
      {
        "code": 2,
        "ip": "10.20.10.1",
        "port": "80",
        "protocol": "http",
        "uri": "vRest",
        "userId": "abarbier",
        "password": "SupermanisClarkKent",
        "triggerDeviceDiscovery": false,
        "deviceDiscoveryStatus": "completed",
        "fabName": "prod",
        "fabId": "a0000f1:53a45f45",
        "clusterId": "a0000f1:0",
        "localMac": "64:0e:94:28:03:8e",
        "fabricNetwork": "in-band",
        "nodes": [
          {
            "networkCode": 2,
            "code": 741,
            "id": "167772401",
            "name": "eta",
            "fabName": "prod",
            "fabId": "a0000f1:53a45f45",
            "clusterId": "a0000f1:0",
            "localMac": "64:0e:94:28:03:8e",
            "fabricNetwork": "in-band",
            "controlNetwork": "in-band",
            "mgmtIp": "10.20.10.1",
            "mgmtNetmask": 16,
            "mgmtMac": "64:0e:94:28:03:90",
            "mgmtSecondaryMacs": null,
            "inBandIp": "172.31.22.1",
            "inBandNetmask": 24,
            "inBandMac": "64:0e:94:28:03:8e",
            "inBandVlan": 0,
            "inBandSecondaryMacs": null,
            "fabTid": 551,
            "clusterTid": 7,
            "outPort": 0,
            "version": "2.4.204029886,pn-nvOS-2.4.2-2040212378",
            "state": "online",
            "firmwareUpgrade": "not-required",
            "deviceState": "ok",
            "ports": "72",
            "type": "B,R",
            "fabMcastIp": null,
            "mgmtL3Port": null,
            "inBandL3Port": null,
            "portCount": 136,
            "vnetId": "0:0",
            "mgmtPublicVlan": 0,
            "inBandVlanType": "public",
            "inBandPublicVlan": 0,
            "coordinateX": 342.7807164763273,
            "coordinateY": 282.0592229825346,
            "label": null
          },
          {
            "networkCode": 2,
            "code": 743,
            "id": "184549518",
            "name": "phi",
            "fabName": "prod",
            "fabId": "a0000f1:53a45f45",
            "clusterId": "a0000f1:0",
            "localMac": "64:0e:94:2c:01:5f",
            "fabricNetwork": "in-band",
            "controlNetwork": "in-band",
            "mgmtIp": "10.20.10.2",
            "mgmtNetmask": 16,
            "mgmtMac": "64:0e:94:2c:01:61",
            "mgmtSecondaryMacs": null,
            "inBandIp": "172.31.22.2",
            "inBandNetmask": 24,
            "inBandMac": "00:00:00:00:00:00",
            "inBandVlan": 0,
            "inBandSecondaryMacs": null,
            "fabTid": 551,
            "clusterTid": 7,
            "outPort": 129,
            "version": "2.4.204029886,pn-nvOS-2.4.2-2040212378",
            "state": "online",
            "firmwareUpgrade": "not-required",
            "deviceState": "ok",
            "ports": "72",
            "type": "B,R",
            "fabMcastIp": null,
            "mgmtL3Port": null,
            "inBandL3Port": null,
            "portCount": 144,
            "vnetId": "0:0",
            "mgmtPublicVlan": 0,
            "inBandVlanType": "public",
            "inBandPublicVlan": 0,
            "coordinateX": 279.3612530002413,
            "coordinateY": 217.50297619848936,
            "label": null
          }
        ],
        "links": null,
        "error": null,
        "name": "prod"
      },
      {
        "code": 1,
        "ip": "10.20.9.137",
        "port": "80",
        "protocol": "http",
        "uri": "vRest",
        "userId": "abarbier",
        "password": "SupermanisClarkKent",
        "triggerDeviceDiscovery": false,
        "deviceDiscoveryStatus": "completed",
        "fabName": "pn-fab",
        "fabId": "b000021:52a1b620",
        "clusterId": "0:0",
        "localMac": "64:0e:94:2c:00:7a",
        "fabricNetwork": "in-band",
        "nodes": [
          {
            "networkCode": 1,
            "code": 767,
            "id": "201326772",
            "name": "cruxb2 text test",
            "fabName": "pn-fab",
            "fabId": "b000021:52a1b620",
            "clusterId": "0:0",
            "localMac": "64:0e:94:30:02:53",
            "fabricNetwork": "in-band",
            "controlNetwork": "in-band",
            "mgmtIp": "10.20.19.114",
            "mgmtNetmask": 16,
            "mgmtMac": "64:0e:94:30:02:51",
            "mgmtSecondaryMacs": null,
            "inBandIp": "192.168.20.114",
            "inBandNetmask": 16,
            "inBandMac": "00:00:00:00:00:00",
            "inBandVlan": 0,
            "inBandSecondaryMacs": null,
            "fabTid": 4688,
            "clusterTid": 0,
            "outPort": 43,
            "version": "2.5.2050010203,pn-nvOS-2.5.0-2050012418",
            "state": "online",
            "firmwareUpgrade": "not-required",
            "deviceState": "ok",
            "ports": "72",
            "type": null,
            "fabMcastIp": null,
            "mgmtL3Port": null,
            "inBandL3Port": null,
            "portCount": 72,
            "vnetId": "0:0",
            "mgmtPublicVlan": 0,
            "inBandVlanType": "public",
            "inBandPublicVlan": 0,
            "coordinateX": 0.0,
            "coordinateY": 0.0,
            "label": null
          },
          {
            "networkCode": 1,
            "code": 768,
            "id": "201326777",
            "name": "cruxb0",
            "fabName": "pn-fab",
            "fabId": "b000021:52a1b620",
            "clusterId": "0:0",
            "localMac": "64:0e:94:30:02:71",
            "fabricNetwork": "in-band",
            "controlNetwork": "in-band",
            "mgmtIp": "10.20.19.118",
            "mgmtNetmask": 16,
            "mgmtMac": "64:0e:94:30:02:6f",
            "mgmtSecondaryMacs": null,
            "inBandIp": "192.168.20.118",
            "inBandNetmask": 16,
            "inBandMac": "00:00:00:00:00:00",
            "inBandVlan": 0,
            "inBandSecondaryMacs": null,
            "fabTid": 4688,
            "clusterTid": 0,
            "outPort": 43,
            "version": "2.5.2050010203,pn-nvOS-2.5.0-2050012418",
            "state": "online",
            "firmwareUpgrade": "not-required",
            "deviceState": "ok",
            "ports": "72",
            "type": null,
            "fabMcastIp": null,
            "mgmtL3Port": null,
            "inBandL3Port": null,
            "portCount": 72,
            "vnetId": "0:0",
            "mgmtPublicVlan": 0,
            "inBandVlanType": "public",
            "inBandPublicVlan": 0,
            "coordinateX": 0.0,
            "coordinateY": 0.0,
            "label": null
          },
          {
            "networkCode": 1,
            "code": 775,
            "id": "201326761",
            "name": "cruxa0",
            "fabName": "pn-fab",
            "fabId": "b000021:52a1b620",
            "clusterId": "0:0",
            "localMac": "64:0e:94:30:02:11",
            "fabricNetwork": "in-band",
            "controlNetwork": "in-band",
            "mgmtIp": "10.20.19.117",
            "mgmtNetmask": 16,
            "mgmtMac": "64:0e:94:30:02:0f",
            "mgmtSecondaryMacs": null,
            "inBandIp": "192.168.20.117",
            "inBandNetmask": 16,
            "inBandMac": "00:00:00:00:00:00",
            "inBandVlan": 0,
            "inBandSecondaryMacs": null,
            "fabTid": 4688,
            "clusterTid": 0,
            "outPort": 43,
            "version": "2.5.2050010203,pn-nvOS-2.5.0-2050012418",
            "state": "online",
            "firmwareUpgrade": "not-required",
            "deviceState": "ok",
            "ports": "72",
            "type": null,
            "fabMcastIp": null,
            "mgmtL3Port": null,
            "inBandL3Port": null,
            "portCount": 0,
            "vnetId": "0:0",
            "mgmtPublicVlan": 0,
            "inBandVlanType": "public",
            "inBandPublicVlan": 0,
            "coordinateX": 0.0,
            "coordinateY": 0.0,
            "label": null
          },
          {
            "networkCode": 1,
            "code": 770,
            "id": "201326799",
            "name": "cruxa2",
            "fabName": "pn-fab",
            "fabId": "b000021:52a1b620",
            "clusterId": "0:0",
            "localMac": "64:0e:94:30:02:ef",
            "fabricNetwork": "in-band",
            "controlNetwork": "in-band",
            "mgmtIp": "10.20.19.113",
            "mgmtNetmask": 16,
            "mgmtMac": "64:0e:94:30:02:ed",
            "mgmtSecondaryMacs": null,
            "inBandIp": "192.168.20.113",
            "inBandNetmask": 16,
            "inBandMac": "00:00:00:00:00:00",
            "inBandVlan": 0,
            "inBandSecondaryMacs": null,
            "fabTid": 4688,
            "clusterTid": 0,
            "outPort": 43,
            "version": "2.5.2050010203,pn-nvOS-2.5.0-2050012418",
            "state": "online",
            "firmwareUpgrade": "not-required",
            "deviceState": "ok",
            "ports": "72",
            "type": null,
            "fabMcastIp": null,
            "mgmtL3Port": null,
            "inBandL3Port": null,
            "portCount": 72,
            "vnetId": "0:0",
            "mgmtPublicVlan": 0,
            "inBandVlanType": "public",
            "inBandPublicVlan": 0,
            "coordinateX": 556.1013174096945,
            "coordinateY": 195.4898474362667,
            "label": null
          },
          {
            "networkCode": 1,
            "code": 765,
            "id": "184549541",
            "name": "cruxb1",
            "fabName": "pn-fab",
            "fabId": "b000021:52a1b620",
            "clusterId": "0:0",
            "localMac": "64:0e:94:30:02:59",
            "fabricNetwork": "in-band",
            "controlNetwork": "in-band",
            "mgmtIp": "10.20.19.116",
            "mgmtNetmask": 16,
            "mgmtMac": "64:0e:94:30:02:57",
            "mgmtSecondaryMacs": null,
            "inBandIp": "192.168.20.116",
            "inBandNetmask": 16,
            "inBandMac": "00:00:00:00:00:00",
            "inBandVlan": 0,
            "inBandSecondaryMacs": null,
            "fabTid": 4688,
            "clusterTid": 0,
            "outPort": 43,
            "version": "2.5.2050010203,pn-nvOS-2.5.0-2050012418",
            "state": "online",
            "firmwareUpgrade": "not-required",
            "deviceState": "ok",
            "ports": "72",
            "type": null,
            "fabMcastIp": null,
            "mgmtL3Port": null,
            "inBandL3Port": null,
            "portCount": 72,
            "vnetId": "0:0",
            "mgmtPublicVlan": 0,
            "inBandVlanType": "public",
            "inBandPublicVlan": 0,
            "coordinateX": 881.6465977075948,
            "coordinateY": 146.33634190617994,
            "label": null
          },
          {
            "networkCode": 1,
            "code": 769,
            "id": "184549540",
            "name": "cruxa3",
            "fabName": "pn-fab",
            "fabId": "b000021:52a1b620",
            "clusterId": "0:0",
            "localMac": "64:0e:94:30:02:8f",
            "fabricNetwork": "in-band",
            "controlNetwork": "in-band",
            "mgmtIp": "10.20.19.111",
            "mgmtNetmask": 16,
            "mgmtMac": "64:0e:94:30:02:8d",
            "mgmtSecondaryMacs": null,
            "inBandIp": "192.168.20.11",
            "inBandNetmask": 16,
            "inBandMac": "00:00:00:00:00:00",
            "inBandVlan": 0,
            "inBandSecondaryMacs": null,
            "fabTid": 4688,
            "clusterTid": 0,
            "outPort": 43,
            "version": "2.5.2050010203,pn-nvOS-2.5.0-2050012418",
            "state": "online",
            "firmwareUpgrade": "not-required",
            "deviceState": "ok",
            "ports": "72",
            "type": null,
            "fabMcastIp": null,
            "mgmtL3Port": null,
            "inBandL3Port": null,
            "portCount": 72,
            "vnetId": "0:0",
            "mgmtPublicVlan": 0,
            "inBandVlanType": "public",
            "inBandPublicVlan": 0,
            "coordinateX": 702.0078436105596,
            "coordinateY": 134.64805394444664,
            "label": null
          },
          {
            "networkCode": 1,
            "code": 764,
            "id": "201327275",
            "name": "cruxb3",
            "fabName": "pn-fab",
            "fabId": "b000021:52a1b620",
            "clusterId": "0:0",
            "localMac": "64:0e:94:c0:06:0b",
            "fabricNetwork": "in-band",
            "controlNetwork": "in-band",
            "mgmtIp": "10.20.19.112",
            "mgmtNetmask": 16,
            "mgmtMac": "64:0e:94:c0:06:0f",
            "mgmtSecondaryMacs": null,
            "inBandIp": "192.168.20.112",
            "inBandNetmask": 16,
            "inBandMac": "00:00:00:00:00:00",
            "inBandVlan": 0,
            "inBandSecondaryMacs": null,
            "fabTid": 4688,
            "clusterTid": 0,
            "outPort": 43,
            "version": "2.5.2050010203,pn-nvOS-2.5.0-2050012418",
            "state": "online",
            "firmwareUpgrade": "not-required",
            "deviceState": "ok",
            "ports": "72",
            "type": null,
            "fabMcastIp": null,
            "mgmtL3Port": null,
            "inBandL3Port": null,
            "portCount": 72,
            "vnetId": "0:0",
            "mgmtPublicVlan": 0,
            "inBandVlanType": "public",
            "inBandPublicVlan": 0,
            "coordinateX": 801.8190098607628,
            "coordinateY": 135.15998837161723,
            "label": null
          },
          {
            "networkCode": 1,
            "code": 762,
            "id": "184549528",
            "name": "pn-dev02",
            "fabName": "pn-fab",
            "fabId": "b000021:52a1b620",
            "clusterId": "0:0",
            "localMac": "64:0e:94:2c:01:7a",
            "fabricNetwork": "in-band",
            "controlNetwork": "in-band",
            "mgmtIp": "10.20.9.148",
            "mgmtNetmask": 16,
            "mgmtMac": "64:0e:94:2c:01:7c",
            "mgmtSecondaryMacs": null,
            "inBandIp": "192.168.2.41",
            "inBandNetmask": 16,
            "inBandMac": "64:0e:94:2c:01:7a",
            "inBandVlan": 0,
            "inBandSecondaryMacs": null,
            "fabTid": 4688,
            "clusterTid": 0,
            "outPort": 128,
            "version": "2.5.2050010203,pn-nvOS-2.5.0-2050012418",
            "state": "online",
            "firmwareUpgrade": "not-required",
            "deviceState": "ok",
            "ports": "72",
            "type": "B",
            "fabMcastIp": null,
            "mgmtL3Port": null,
            "inBandL3Port": null,
            "portCount": 72,
            "vnetId": "0:0",
            "mgmtPublicVlan": 0,
            "inBandVlanType": "public",
            "inBandPublicVlan": 0,
            "coordinateX": 917.5817564662237,
            "coordinateY": 221.86671062833608,
            "label": "leaf"
          },
          {
            "networkCode": 1,
            "code": 763,
            "id": "167772422",
            "name": "pn-dev03",
            "fabName": "pn-fab",
            "fabId": "b000021:52a1b620",
            "clusterId": "0:0",
            "localMac": "64:0e:94:28:03:e2",
            "fabricNetwork": "in-band",
            "controlNetwork": "in-band",
            "mgmtIp": "10.20.9.157",
            "mgmtNetmask": 16,
            "mgmtMac": "64:0e:94:28:03:e4",
            "mgmtSecondaryMacs": null,
            "inBandIp": "192.168.2.61",
            "inBandNetmask": 16,
            "inBandMac": "00:00:00:00:00:00",
            "inBandVlan": 0,
            "inBandSecondaryMacs": null,
            "fabTid": 4688,
            "clusterTid": 0,
            "outPort": 46,
            "version": "2.5.2050010203,pn-nvOS-2.5.0-2050012418",
            "state": "online",
            "firmwareUpgrade": "not-required",
            "deviceState": "ok",
            "ports": "72",
            "type": "B",
            "fabMcastIp": null,
            "mgmtL3Port": null,
            "inBandL3Port": null,
            "portCount": 72,
            "vnetId": "0:0",
            "mgmtPublicVlan": 0,
            "inBandVlanType": "public",
            "inBandPublicVlan": 0,
            "coordinateX": 754.9337640936483,
            "coordinateY": 325.0475065055255,
            "label": null
          },
          {
            "networkCode": 1,
            "code": 766,
            "id": "184549544",
            "name": "pn-lab01",
            "fabName": "pn-fab",
            "fabId": "b000021:52a1b620",
            "clusterId": "0:0",
            "localMac": "64:0e:94:c0:00:3a",
            "fabricNetwork": "in-band",
            "controlNetwork": "in-band",
            "mgmtIp": "10.9.9.111",
            "mgmtNetmask": 16,
            "mgmtMac": "64:0e:94:c0:00:3e",
            "mgmtSecondaryMacs": null,
            "inBandIp": "192.168.2.11",
            "inBandNetmask": 16,
            "inBandMac": "00:00:00:00:00:00",
            "inBandVlan": 0,
            "inBandSecondaryMacs": null,
            "fabTid": 4688,
            "clusterTid": 0,
            "outPort": 61,
            "version": "2.5.2050010203,pn-nvOS-2.5.0-2050012418",
            "state": "online",
            "firmwareUpgrade": "not-required",
            "deviceState": "ok",
            "ports": "0",
            "type": null,
            "fabMcastIp": null,
            "mgmtL3Port": null,
            "inBandL3Port": null,
            "portCount": 72,
            "vnetId": "0:0",
            "mgmtPublicVlan": 0,
            "inBandVlanType": "public",
            "inBandPublicVlan": 0,
            "coordinateX": 1010.8412374890751,
            "coordinateY": 202.8069486029209,
            "label": null
          },
          {
            "networkCode": 1,
            "code": 759,
            "id": "184549538",
            "name": "spine01",
            "fabName": "pn-fab",
            "fabId": "b000021:52a1b620",
            "clusterId": "b0000a2:0",
            "localMac": "64:0e:94:2c:01:9f",
            "fabricNetwork": "in-band",
            "controlNetwork": "in-band",
            "mgmtIp": "10.20.9.121",
            "mgmtNetmask": 16,
            "mgmtMac": "64:0e:94:2c:01:9d",
            "mgmtSecondaryMacs": null,
            "inBandIp": "192.168.20.121",
            "inBandNetmask": 16,
            "inBandMac": "00:00:00:00:00:00",
            "inBandVlan": 0,
            "inBandSecondaryMacs": null,
            "fabTid": 4688,
            "clusterTid": 19,
            "outPort": 128,
            "version": "2.5.2050010203,pn-nvOS-2.5.0-2050012418",
            "state": "online",
            "firmwareUpgrade": "not-required",
            "deviceState": "ok",
            "ports": "104",
            "type": "B",
            "fabMcastIp": null,
            "mgmtL3Port": null,
            "inBandL3Port": null,
            "portCount": 104,
            "vnetId": "0:0",
            "mgmtPublicVlan": 0,
            "inBandVlanType": "public",
            "inBandPublicVlan": 0,
            "coordinateX": 928.9436907366113,
            "coordinateY": 352.813051631604,
            "label": null
          },
          {
            "networkCode": 1,
            "code": 761,
            "id": "184549539",
            "name": "spine02",
            "fabName": "pn-fab",
            "fabId": "b000021:52a1b620",
            "clusterId": "b0000a2:0",
            "localMac": "64:0e:94:2c:01:a5",
            "fabricNetwork": "in-band",
            "controlNetwork": "in-band",
            "mgmtIp": "10.20.9.122",
            "mgmtNetmask": 16,
            "mgmtMac": "64:0e:94:2c:01:a3",
            "mgmtSecondaryMacs": null,
            "inBandIp": "192.168.20.122",
            "inBandNetmask": 16,
            "inBandMac": "00:00:00:00:00:00",
            "inBandVlan": 0,
            "inBandSecondaryMacs": null,
            "fabTid": 4688,
            "clusterTid": 19,
            "outPort": 128,
            "version": "2.5.2050010203,pn-nvOS-2.5.0-2050012418",
            "state": "online",
            "firmwareUpgrade": "not-required",
            "deviceState": "ok",
            "ports": "104",
            "type": "B",
            "fabMcastIp": null,
            "mgmtL3Port": null,
            "inBandL3Port": null,
            "portCount": 104,
            "vnetId": "0:0",
            "mgmtPublicVlan": 0,
            "inBandVlanType": "public",
            "inBandPublicVlan": 0,
            "coordinateX": 1011.5953518958138,
            "coordinateY": 256.82477481339015,
            "label": null
          },
          {
            "networkCode": 1,
            "code": 758,
            "id": "184549409",
            "name": "aquila02",
            "fabName": "pn-fab",
            "fabId": "b000021:52a1b620",
            "clusterId": "0:0",
            "localMac": "64:0e:94:2c:00:7a",
            "fabricNetwork": "in-band",
            "controlNetwork": "in-band",
            "mgmtIp": "10.20.9.137",
            "mgmtNetmask": 16,
            "mgmtMac": "64:0e:94:2c:00:78",
            "mgmtSecondaryMacs": null,
            "inBandIp": "192.168.2.31",
            "inBandNetmask": 16,
            "inBandMac": "64:0e:94:2c:00:7a",
            "inBandVlan": 0,
            "inBandSecondaryMacs": null,
            "fabTid": 4688,
            "clusterTid": 0,
            "outPort": 0,
            "version": "2.5.2050010203,pn-nvOS-2.5.0-2050012418",
            "state": "online",
            "firmwareUpgrade": "not-required",
            "deviceState": "ok",
            "ports": "72",
            "type": "B",
            "fabMcastIp": null,
            "mgmtL3Port": null,
            "inBandL3Port": null,
            "portCount": 72,
            "vnetId": "0:0",
            "mgmtPublicVlan": 0,
            "inBandVlanType": "public",
            "inBandPublicVlan": 0,
            "coordinateX": 909.6643207990949,
            "coordinateY": 272.6832777247363,
            "label": "aquila02"
          },
          {
            "networkCode": 1,
            "code": 760,
            "id": "167772236",
            "name": "pn-dev01",
            "fabName": "pn-fab",
            "fabId": "b000021:52a1b620",
            "clusterId": "0:0",
            "localMac": "64:0e:94:28:00:fa",
            "fabricNetwork": "in-band",
            "controlNetwork": "in-band",
            "mgmtIp": "10.20.19.103",
            "mgmtNetmask": 16,
            "mgmtMac": "64:0e:94:28:00:fb",
            "mgmtSecondaryMacs": null,
            "inBandIp": "192.168.20.3",
            "inBandNetmask": 16,
            "inBandMac": "00:00:00:00:00:00",
            "inBandVlan": 0,
            "inBandSecondaryMacs": null,
            "fabTid": 4688,
            "clusterTid": 0,
            "outPort": 63,
            "version": "2.5.2050010203,pn-nvOS-2.5.0-2050012418",
            "state": "online",
            "firmwareUpgrade": "not-required",
            "deviceState": "ok",
            "ports": "72",
            "type": "B",
            "fabMcastIp": null,
            "mgmtL3Port": null,
            "inBandL3Port": null,
            "portCount": 72,
            "vnetId": "0:0",
            "mgmtPublicVlan": 0,
            "inBandVlanType": "public",
            "inBandPublicVlan": 0,
            "coordinateX": 760.2957998060656,
            "coordinateY": 214.94031582622446,
            "label": "spine"
          }
        ],
        "links": null,
        "error": "I/O error on GET request for \"http://10.20.9.137:80/vRest/fabric-nodes\": Connection timed out: connect; nested exception is java.net.ConnectException: Connection timed out: connect",
        "name": "pn-fab"
      }
    ]
  }
}