{
  "message": "Data found successfully.",
  "result": {
    "linkNotifications": {
      "895": [
        {
          "networkCode": 1,
          "networkLinkCode": 895,
          "code": 1,
          "notification": "this is link notification this is link notification 1",
          "severity": 2,
          "source": "alert",
          "status": "unread",
          "createdOn": 1476975322232
        }
      ],
      "894": [
        {
          "networkCode": 1,
          "networkLinkCode": 894,
          "code": 2,
          "notification": "this is link notification this is link notification 2",
          "severity": 1,
          "source": "audit",
          "status": "unread",
          "createdOn": 1476975922240
        },
        {
          "networkCode": 1,
          "networkLinkCode": 894,
          "code": 3,
          "notification": "this is link notification this is link notification 1",
          "severity": 2,
          "source": "alert",
          "status": "unread",
          "createdOn": 1476975322232
        }
      ],
      "738": [
        
      ],
      "736": [
        
      ],
      "740": [
        
      ],
      "741": [
        
      ],
      "742": [
        
      ],
      "743": [
        
      ],
      "744": [
        
      ],
      "745": [
        
      ],
      "746": [
        
      ],
      "747": [
        
      ],
      "748": [
        
      ],
      "749": [
        
      ],
      "750": [
        
      ],
      "751": [
        
      ],
      "752": [
        
      ],
      "753": [
        
      ],
      "754": [
        
      ],
      "755": [
        
      ],
      "756": [
        
      ],
      "757": [
        
      ],
      "758": [
        
      ],
      "759": [
        
      ],
      "760": [
        
      ],
      "761": [
        
      ],
      "762": [
        
      ],
      "763": [
        
      ],
      "764": [
        
      ],
      "765": [
        
      ]
    },
    "nodeNotifications": {
      "640": [
        
      ],
      "641": [
        
      ],
      "642": [
        
      ],
      "643": [
        
      ],
      "644": [
        
      ],
      "645": [
        
      ],
      "760": [
        {
          "networkCode": 1,
          "networkNodeCode": 760,
          "code": 1,
          "notification": "this is node notification this is node notification - 1",
          "severity": 3,
          "source": "alert",
          "status": "unread",
          "createdOn": 1476974122232
        }
      ],
      "758": [
        {
          "networkCode": 1,
          "networkNodeCode": 758,
          "code": 2,
          "notification": "this is node notification this is node notification - 2",
          "severity": 2,
          "source": "audit",
          "status": "unread",
          "createdOn": 1476974725235
        }
      ],
      "761": [
        {
          "networkCode": 1,
          "networkNodeCode": 761,
          "code": 3,
          "notification": "this is node notification this is node notification - 1",
          "severity": 3,
          "source": "alert",
          "status": "unread",
          "createdOn": 1476974122232
        },
        {
          "networkCode": 1,
          "networkNodeCode": 761,
          "code": 4,
          "notification": "this is node notification this is node notification - 1",
          "severity": 2,
          "source": "alert",
          "status": "unread",
          "createdOn": 1476974122232
        },
        {
          "networkCode": 1,
          "networkNodeCode": 761,
          "code": 5,
          "notification": "this is node notification this is node notification - 1",
          "severity": 1,
          "source": "alert",
          "status": "unread",
          "createdOn": 1476974122232
        }
      ],
      "624": [
        
      ],
      "625": [
        
      ],
      "626": [
        
      ],
      "627": [
        
      ],
      "628": [
        
      ],
      "629": [
        
      ],
      "630": [
        
      ],
      "631": [
        
      ],
      "632": [
        
      ],
      "633": [
        
      ],
      "634": [
        
      ],
      "635": [
        
      ],
      "636": [
        
      ],
      "637": [
        
      ],
      "638": [
        
      ],
      "639": [
        
      ]
    }
  }
}