{
  "message": "Data found successfully.",
  "result": {
    "source": {
      "networkCode": 1,
      "code": 1,
      "id": "184549409",
      "name": "aquila02",
      "fabName": "pn-fab",
      "fabId": "b000021:52a1b620",
      "clusterId": "0:0",
      "localMac": "64:0e:94:2c:00:7a",
      "fabricNetwork": "in-band",
      "controlNetwork": "in-band",
      "mgmtIp": "10.20.9.137",
      "mgmtNetmask": 16,
      "mgmtMac": "64:0e:94:2c:00:78",
      "mgmtSecondaryMacs": null,
      "inBandIp": "192.168.2.31",
      "inBandNetmask": 16,
      "inBandMac": "64:0e:94:2c:00:7a",
      "inBandVlan": 0,
      "inBandSecondaryMacs": null,
      "fabTid": 4252,
      "clusterTid": 0,
      "outPort": 0,
      "version": "2.4.204019827,pn-nvOS-2.4.1-2040112371",
      "state": "online",
      "firmwareUpgrade": "not-required",
      "deviceState": "ok",
      "ports": "72",
      "type": "B,R",
      "fabMcastIp": null,
      "mgmtL3Port": null,
      "inBandL3Port": null,
      "portCount": null,
      "vnetId": "0:0",
      "mgmtPublicVlan": 0,
      "inBandVlanType": "public",
      "inBandPublicVlan": 0
    },
    "sourceData": [
      {
        "time": "2016-09-09T02:59:11",
        "port": "10",
        "counter": 0,
        "ibytes": 116373614917,
        "iUpkts": 230381455,
        "iBpkts": 779968,
        "iMpkts": 14549218,
        "iPauseFs": 0,
        "iCongDrops": 0,
        "idiscards": 23,
        "ierrs": 0,
        "obytes": 337741189874,
        "oUpkts": 353528492,
        "oBpkts": 4334540,
        "oMpkts": 21476586,
        "oPauseFs": 0,
        "oCongDrops": 0,
        "odiscards": 12224680,
        "oerrs": 0,
        "mtu-errs": 0,
        "port-speed": 10000
      }
    ],
    "target": {
      "networkCode": 1,
      "code": 3,
      "id": "167772236",
      "name": "pn-dev01",
      "fabName": "pn-fab",
      "fabId": "b000021:52a1b620",
      "clusterId": "0:0",
      "localMac": "64:0e:94:28:00:fa",
      "fabricNetwork": "in-band",
      "controlNetwork": "in-band",
      "mgmtIp": "10.20.19.103",
      "mgmtNetmask": 16,
      "mgmtMac": "64:0e:94:28:00:fb",
      "mgmtSecondaryMacs": null,
      "inBandIp": "192.168.20.3",
      "inBandNetmask": 16,
      "inBandMac": "00:00:00:00:00:00",
      "inBandVlan": 0,
      "inBandSecondaryMacs": null,
      "fabTid": 4252,
      "clusterTid": 0,
      "outPort": 63,
      "version": "2.4.204019827,pn-nvOS-2.4.1-2040112371",
      "state": "online",
      "firmwareUpgrade": "not-required",
      "deviceState": "ok",
      "ports": "72",
      "type": "B,R",
      "fabMcastIp": null,
      "mgmtL3Port": null,
      "inBandL3Port": null,
      "portCount": null,
      "vnetId": "0:0",
      "mgmtPublicVlan": 0,
      "inBandVlanType": "public",
      "inBandPublicVlan": 0
    },
    "targetData": [
      {
        "time": "2016-09-09T02:59:12",
        "port": "63",
        "counter": 0,
        "ibytes": 337741219223,
        "iUpkts": 353528634,
        "iBpkts": 4334547,
        "iMpkts": 21476587,
        "iPauseFs": 0,
        "iCongDrops": 0,
        "idiscards": 487893,
        "ierrs": 0,
        "obytes": 116373673680,
        "oUpkts": 230381593,
        "oBpkts": 779970,
        "oMpkts": 14549223,
        "oPauseFs": 0,
        "oCongDrops": 0,
        "odiscards": 3229211,
        "oerrs": 0,
        "mtu-errs": 0,
        "port-speed": 10000
      }
    ]
  }
}