{
  "message": "Data found successfully.",
  "result": [
    {
      "networkCode": 1,
      "code": 1,
      "switchName": "aquila02",
      "intf": 1,
      "switchId": "184549409",
      "port": "1",
      "speed": 0,
      "egressRateLimit": 0,
      "autoneg": "no-autoneg",
      "jumbo": "no-jumbo",
      "enable": "enable",
      "lacpMode": "passive",
      "lacpPriority": 32768,
      "lacpTimeout": "slow",
      "stpPortCost": 2000,
      "stpPortPriority": 128,
      "reflect": "no-reflect",
      "edgeSwitch": false,
      "pause": false,
      "loopback": "default",
      "receiveOnly": "no-mirror-receive-only",
      "lport": 1,
      "remRswitchPortMac": "00:00:00:00:00:00",
      "rswitchDefaultVlan": 0,
      "portMacAddress": "06:b0:00:02:10:01",
      "sendPort": 0,
      "routing": true,
      "hostEnable": true,
      "description": null,
      "trunk": null,
      "ethMode": null,
      "vlagId": null,
      "lacpIndividual": "",
      "stpPort": null,
      "mirrorOnly": null,
      "loopVlans": null
    },
    {
      "networkCode": 1,
      "code": 2,
      "switchName": "aquila02",
      "intf": 2,
      "switchId": "184549409",
      "port": "2",
      "speed": 0,
      "egressRateLimit": 0,
      "autoneg": "no-autoneg",
      "jumbo": "no-jumbo",
      "enable": "enable",
      "lacpMode": "passive",
      "lacpPriority": 32768,
      "lacpTimeout": "slow",
      "stpPortCost": 2000,
      "stpPortPriority": 128,
      "reflect": "no-reflect",
      "edgeSwitch": false,
      "pause": false,
      "loopback": "default",
      "receiveOnly": "no-mirror-receive-only",
      "lport": 2,
      "remRswitchPortMac": "00:00:00:00:00:00",
      "rswitchDefaultVlan": 0,
      "portMacAddress": "06:b0:00:02:10:02",
      "sendPort": 0,
      "routing": true,
      "hostEnable": true,
      "description": null,
      "trunk": null,
      "ethMode": null,
      "vlagId": null,
      "lacpIndividual": "",
      "stpPort": null,
      "mirrorOnly": null,
      "loopVlans": null
    },
    {
      "networkCode": 1,
      "code": 3,
      "switchName": "aquila02",
      "intf": 3,
      "switchId": "184549409",
      "port": "3",
      "speed": 0,
      "egressRateLimit": 0,
      "autoneg": "no-autoneg",
      "jumbo": "no-jumbo",
      "enable": "enable",
      "lacpMode": "passive",
      "lacpPriority": 32768,
      "lacpTimeout": "slow",
      "stpPortCost": 2000,
      "stpPortPriority": 128,
      "reflect": "no-reflect",
      "edgeSwitch": false,
      "pause": false,
      "loopback": "default",
      "receiveOnly": "no-mirror-receive-only",
      "lport": 3,
      "remRswitchPortMac": "00:00:00:00:00:00",
      "rswitchDefaultVlan": 0,
      "portMacAddress": "06:b0:00:02:10:03",
      "sendPort": 0,
      "routing": true,
      "hostEnable": true,
      "description": null,
      "trunk": null,
      "ethMode": null,
      "vlagId": null,
      "lacpIndividual": "",
      "stpPort": null,
      "mirrorOnly": null,
      "loopVlans": null
    },
    {
      "networkCode": 1,
      "code": 4,
      "switchName": "aquila02",
      "intf": 4,
      "switchId": "184549409",
      "port": "4",
      "speed": 40000,
      "egressRateLimit": 0,
      "autoneg": "no-autoneg",
      "jumbo": "no-jumbo",
      "enable": "enable",
      "lacpMode": "off",
      "lacpPriority": 32768,
      "lacpTimeout": "slow",
      "stpPortCost": 500,
      "stpPortPriority": 128,
      "reflect": "no-reflect",
      "edgeSwitch": false,
      "pause": false,
      "loopback": "default",
      "receiveOnly": "no-mirror-receive-only",
      "lport": 4,
      "remRswitchPortMac": "06:b0:00:0a:20:05",
      "rswitchDefaultVlan": 1,
      "portMacAddress": "06:b0:00:02:10:04",
      "sendPort": 0,
      "routing": true,
      "hostEnable": true,
      "description": "to spine01",
      "trunk": 129,
      "ethMode": null,
      "vlagId": null,
      "lacpIndividual": "",
      "stpPort": null,
      "mirrorOnly": null,
      "loopVlans": null
    },
    {
      "networkCode": 1,
      "code": 5,
      "switchName": "aquila02",
      "intf": 5,
      "switchId": "184549409",
      "port": "5",
      "speed": 0,
      "egressRateLimit": 0,
      "autoneg": "no-autoneg",
      "jumbo": "no-jumbo",
      "enable": "enable",
      "lacpMode": "passive",
      "lacpPriority": 32768,
      "lacpTimeout": "slow",
      "stpPortCost": 2000,
      "stpPortPriority": 128,
      "reflect": "no-reflect",
      "edgeSwitch": false,
      "pause": false,
      "loopback": "default",
      "receiveOnly": "no-mirror-receive-only",
      "lport": 5,
      "remRswitchPortMac": "00:00:00:00:00:00",
      "rswitchDefaultVlan": 0,
      "portMacAddress": "06:b0:00:02:10:05",
      "sendPort": 0,
      "routing": true,
      "hostEnable": true,
      "description": null,
      "trunk": null,
      "ethMode": null,
      "vlagId": null,
      "lacpIndividual": "",
      "stpPort": null,
      "mirrorOnly": null,
      "loopVlans": null
    },
    {
      "networkCode": 1,
      "code": 6,
      "switchName": "aquila02",
      "intf": 6,
      "switchId": "184549409",
      "port": "6",
      "speed": 0,
      "egressRateLimit": 0,
      "autoneg": "no-autoneg",
      "jumbo": "no-jumbo",
      "enable": "enable",
      "lacpMode": "passive",
      "lacpPriority": 32768,
      "lacpTimeout": "slow",
      "stpPortCost": 2000,
      "stpPortPriority": 128,
      "reflect": "no-reflect",
      "edgeSwitch": false,
      "pause": false,
      "loopback": "default",
      "receiveOnly": "no-mirror-receive-only",
      "lport": 6,
      "remRswitchPortMac": "00:00:00:00:00:00",
      "rswitchDefaultVlan": 0,
      "portMacAddress": "06:b0:00:02:10:06",
      "sendPort": 0,
      "routing": true,
      "hostEnable": true,
      "description": null,
      "trunk": null,
      "ethMode": null,
      "vlagId": null,
      "lacpIndividual": "",
      "stpPort": null,
      "mirrorOnly": null,
      "loopVlans": null
    },
    {
      "networkCode": 1,
      "code": 7,
      "switchName": "aquila02",
      "intf": 7,
      "switchId": "184549409",
      "port": "7",
      "speed": 0,
      "egressRateLimit": 0,
      "autoneg": "no-autoneg",
      "jumbo": "no-jumbo",
      "enable": "enable",
      "lacpMode": "passive",
      "lacpPriority": 32768,
      "lacpTimeout": "slow",
      "stpPortCost": 2000,
      "stpPortPriority": 128,
      "reflect": "no-reflect",
      "edgeSwitch": false,
      "pause": false,
      "loopback": "default",
      "receiveOnly": "no-mirror-receive-only",
      "lport": 7,
      "remRswitchPortMac": "00:00:00:00:00:00",
      "rswitchDefaultVlan": 0,
      "portMacAddress": "06:b0:00:02:10:07",
      "sendPort": 0,
      "routing": true,
      "hostEnable": true,
      "description": null,
      "trunk": null,
      "ethMode": null,
      "vlagId": null,
      "lacpIndividual": "",
      "stpPort": null,
      "mirrorOnly": null,
      "loopVlans": null
    },
    {
      "networkCode": 1,
      "code": 8,
      "switchName": "aquila02",
      "intf": 8,
      "switchId": "184549409",
      "port": "8",
      "speed": 40000,
      "egressRateLimit": 0,
      "autoneg": "no-autoneg",
      "jumbo": "no-jumbo",
      "enable": "enable",
      "lacpMode": "off",
      "lacpPriority": 32768,
      "lacpTimeout": "slow",
      "stpPortCost": 500,
      "stpPortPriority": 128,
      "reflect": "no-reflect",
      "edgeSwitch": false,
      "pause": false,
      "loopback": "default",
      "receiveOnly": "no-mirror-receive-only",
      "lport": 8,
      "remRswitchPortMac": "06:b0:00:0a:20:04",
      "rswitchDefaultVlan": 1,
      "portMacAddress": "06:b0:00:02:10:08",
      "sendPort": 0,
      "routing": true,
      "hostEnable": true,
      "description": "to spine01",
      "trunk": 129,
      "ethMode": null,
      "vlagId": null,
      "lacpIndividual": "",
      "stpPort": null,
      "mirrorOnly": null,
      "loopVlans": null
    },
    {
      "networkCode": 1,
      "code": 9,
      "switchName": "aquila02",
      "intf": 9,
      "switchId": "184549409",
      "port": "9",
      "speed": 10000,
      "egressRateLimit": 0,
      "autoneg": "no-autoneg",
      "jumbo": "no-jumbo",
      "enable": "enable",
      "lacpMode": "passive",
      "lacpPriority": 32768,
      "lacpTimeout": "slow",
      "stpPortCost": 2000,
      "stpPortPriority": 128,
      "reflect": "no-reflect",
      "edgeSwitch": false,
      "pause": false,
      "loopback": "default",
      "receiveOnly": "no-mirror-receive-only",
      "lport": 9,
      "remRswitchPortMac": "00:00:00:00:00:00",
      "rswitchDefaultVlan": 0,
      "portMacAddress": "06:b0:00:02:10:09",
      "sendPort": 0,
      "routing": true,
      "hostEnable": true,
      "description": null,
      "trunk": null,
      "ethMode": null,
      "vlagId": null,
      "lacpIndividual": "",
      "stpPort": null,
      "mirrorOnly": null,
      "loopVlans": null
    },
    {
      "networkCode": 1,
      "code": 10,
      "switchName": "aquila02",
      "intf": 10,
      "switchId": "184549409",
      "port": "10",
      "speed": 10000,
      "egressRateLimit": 0,
      "autoneg": "no-autoneg",
      "jumbo": "jumbo",
      "enable": "enable",
      "lacpMode": "off",
      "lacpPriority": 32768,
      "lacpTimeout": "slow",
      "stpPortCost": 2000,
      "stpPortPriority": 128,
      "reflect": "no-reflect",
      "edgeSwitch": false,
      "pause": false,
      "loopback": "default",
      "receiveOnly": "no-mirror-receive-only",
      "lport": 10,
      "remRswitchPortMac": "06:a0:00:04:c0:3f",
      "rswitchDefaultVlan": 1,
      "portMacAddress": "06:b0:00:02:10:0a",
      "sendPort": 0,
      "routing": true,
      "hostEnable": true,
      "description": "to pn-dev01",
      "trunk": null,
      "ethMode": null,
      "vlagId": null,
      "lacpIndividual": "",
      "stpPort": null,
      "mirrorOnly": null,
      "loopVlans": null
    },
    {
      "networkCode": 1,
      "code": 11,
      "switchName": "aquila02",
      "intf": 11,
      "switchId": "184549409",
      "port": "11",
      "speed": 100,
      "egressRateLimit": 0,
      "autoneg": "autoneg",
      "jumbo": "no-jumbo",
      "enable": "enable",
      "lacpMode": "passive",
      "lacpPriority": 32768,
      "lacpTimeout": "slow",
      "stpPortCost": 200000,
      "stpPortPriority": 128,
      "reflect": "no-reflect",
      "edgeSwitch": false,
      "pause": false,
      "loopback": "default",
      "receiveOnly": "no-mirror-receive-only",
      "lport": 11,
      "remRswitchPortMac": "00:00:00:00:00:00",
      "rswitchDefaultVlan": 0,
      "portMacAddress": "06:b0:00:02:10:0b",
      "sendPort": 0,
      "routing": true,
      "hostEnable": true,
      "description": null,
      "trunk": null,
      "ethMode": "1000base-x",
      "vlagId": null,
      "lacpIndividual": "",
      "stpPort": null,
      "mirrorOnly": null,
      "loopVlans": null
    },
    {
      "networkCode": 1,
      "code": 12,
      "switchName": "aquila02",
      "intf": 12,
      "switchId": "184549409",
      "port": "12",
      "speed": 100,
      "egressRateLimit": 0,
      "autoneg": "no-autoneg",
      "jumbo": "no-jumbo",
      "enable": "enable",
      "lacpMode": "passive",
      "lacpPriority": 32768,
      "lacpTimeout": "slow",
      "stpPortCost": 200000,
      "stpPortPriority": 128,
      "reflect": "no-reflect",
      "edgeSwitch": false,
      "pause": false,
      "loopback": "default",
      "receiveOnly": "no-mirror-receive-only",
      "lport": 12,
      "remRswitchPortMac": "00:00:00:00:00:00",
      "rswitchDefaultVlan": 0,
      "portMacAddress": "06:b0:00:02:10:0c",
      "sendPort": 0,
      "routing": true,
      "hostEnable": true,
      "description": null,
      "trunk": null,
      "ethMode": "1000base-x",
      "vlagId": null,
      "lacpIndividual": "",
      "stpPort": null,
      "mirrorOnly": null,
      "loopVlans": null
    },
    {
      "networkCode": 1,
      "code": 13,
      "switchName": "aquila02",
      "intf": 13,
      "switchId": "184549409",
      "port": "13",
      "speed": 10000,
      "egressRateLimit": 0,
      "autoneg": "no-autoneg",
      "jumbo": "no-jumbo",
      "enable": "enable",
      "lacpMode": "passive",
      "lacpPriority": 32768,
      "lacpTimeout": "slow",
      "stpPortCost": 2000,
      "stpPortPriority": 128,
      "reflect": "no-reflect",
      "edgeSwitch": false,
      "pause": false,
      "loopback": "default",
      "receiveOnly": "no-mirror-receive-only",
      "lport": 13,
      "remRswitchPortMac": "00:00:00:00:00:00",
      "rswitchDefaultVlan": 0,
      "portMacAddress": "06:b0:00:02:10:0d",
      "sendPort": 0,
      "routing": true,
      "hostEnable": true,
      "description": null,
      "trunk": null,
      "ethMode": null,
      "vlagId": null,
      "lacpIndividual": "",
      "stpPort": null,
      "mirrorOnly": null,
      "loopVlans": null
    },
    {
      "networkCode": 1,
      "code": 14,
      "switchName": "aquila02",
      "intf": 14,
      "switchId": "184549409",
      "port": "14",
      "speed": 1000,
      "egressRateLimit": 0,
      "autoneg": "no-autoneg",
      "jumbo": "no-jumbo",
      "enable": "enable",
      "lacpMode": "passive",
      "lacpPriority": 32768,
      "lacpTimeout": "slow",
      "stpPortCost": 20000,
      "stpPortPriority": 128,
      "reflect": "no-reflect",
      "edgeSwitch": false,
      "pause": false,
      "loopback": "default",
      "receiveOnly": "no-mirror-receive-only",
      "lport": 14,
      "remRswitchPortMac": "00:00:00:00:00:00",
      "rswitchDefaultVlan": 0,
      "portMacAddress": "06:b0:00:02:10:0e",
      "sendPort": 0,
      "routing": true,
      "hostEnable": true,
      "description": "na",
      "trunk": null,
      "ethMode": "1000base-x",
      "vlagId": null,
      "lacpIndividual": "",
      "stpPort": null,
      "mirrorOnly": null,
      "loopVlans": null
    },
    {
      "networkCode": 1,
      "code": 17,
      "switchName": "aquila02",
      "intf": 17,
      "switchId": "184549409",
      "port": "17",
      "speed": 1000,
      "egressRateLimit": 0,
      "autoneg": "no-autoneg",
      "jumbo": "no-jumbo",
      "enable": "enable",
      "lacpMode": "passive",
      "lacpPriority": 32768,
      "lacpTimeout": "slow",
      "stpPortCost": 20000,
      "stpPortPriority": 128,
      "reflect": "no-reflect",
      "edgeSwitch": false,
      "pause": false,
      "loopback": "default",
      "receiveOnly": "no-mirror-receive-only",
      "lport": 17,
      "remRswitchPortMac": "00:00:00:00:00:00",
      "rswitchDefaultVlan": 0,
      "portMacAddress": "06:b0:00:02:10:11",
      "sendPort": 0,
      "routing": true,
      "hostEnable": true,
      "description": null,
      "trunk": null,
      "ethMode": "1000base-x",
      "vlagId": null,
      "lacpIndividual": "",
      "stpPort": null,
      "mirrorOnly": null,
      "loopVlans": null
    },
    {
      "networkCode": 1,
      "code": 18,
      "switchName": "aquila02",
      "intf": 18,
      "switchId": "184549409",
      "port": "18",
      "speed": 1000,
      "egressRateLimit": 0,
      "autoneg": "no-autoneg",
      "jumbo": "no-jumbo",
      "enable": "enable",
      "lacpMode": "passive",
      "lacpPriority": 32768,
      "lacpTimeout": "slow",
      "stpPortCost": 20000,
      "stpPortPriority": 128,
      "reflect": "no-reflect",
      "edgeSwitch": false,
      "pause": false,
      "loopback": "default",
      "receiveOnly": "no-mirror-receive-only",
      "lport": 18,
      "remRswitchPortMac": "00:00:00:00:00:00",
      "rswitchDefaultVlan": 0,
      "portMacAddress": "06:b0:00:02:10:12",
      "sendPort": 0,
      "routing": true,
      "hostEnable": true,
      "description": null,
      "trunk": null,
      "ethMode": "1000base-x",
      "vlagId": null,
      "lacpIndividual": "",
      "stpPort": null,
      "mirrorOnly": null,
      "loopVlans": null
    },
    {
      "networkCode": 1,
      "code": 19,
      "switchName": "aquila02",
      "intf": 19,
      "switchId": "184549409",
      "port": "19",
      "speed": 1000,
      "egressRateLimit": 0,
      "autoneg": "no-autoneg",
      "jumbo": "no-jumbo",
      "enable": "enable",
      "lacpMode": "passive",
      "lacpPriority": 32768,
      "lacpTimeout": "slow",
      "stpPortCost": 20000,
      "stpPortPriority": 128,
      "reflect": "no-reflect",
      "edgeSwitch": false,
      "pause": false,
      "loopback": "default",
      "receiveOnly": "no-mirror-receive-only",
      "lport": 19,
      "remRswitchPortMac": "00:00:00:00:00:00",
      "rswitchDefaultVlan": 0,
      "portMacAddress": "06:b0:00:02:10:13",
      "sendPort": 0,
      "routing": true,
      "hostEnable": true,
      "description": null,
      "trunk": null,
      "ethMode": "1000base-x",
      "vlagId": null,
      "lacpIndividual": "",
      "stpPort": null,
      "mirrorOnly": null,
      "loopVlans": null
    },
    {
      "networkCode": 1,
      "code": 20,
      "switchName": "aquila02",
      "intf": 20,
      "switchId": "184549409",
      "port": "20",
      "speed": 1000,
      "egressRateLimit": 0,
      "autoneg": "no-autoneg",
      "jumbo": "no-jumbo",
      "enable": "enable",
      "lacpMode": "passive",
      "lacpPriority": 32768,
      "lacpTimeout": "slow",
      "stpPortCost": 20000,
      "stpPortPriority": 128,
      "reflect": "no-reflect",
      "edgeSwitch": false,
      "pause": false,
      "loopback": "default",
      "receiveOnly": "no-mirror-receive-only",
      "lport": 20,
      "remRswitchPortMac": "00:00:00:00:00:00",
      "rswitchDefaultVlan": 0,
      "portMacAddress": "06:b0:00:02:10:14",
      "sendPort": 0,
      "routing": true,
      "hostEnable": true,
      "description": null,
      "trunk": null,
      "ethMode": "1000base-x",
      "vlagId": null,
      "lacpIndividual": "",
      "stpPort": null,
      "mirrorOnly": null,
      "loopVlans": null
    },
    {
      "networkCode": 1,
      "code": 21,
      "switchName": "aquila02",
      "intf": 21,
      "switchId": "184549409",
      "port": "21",
      "speed": 1000,
      "egressRateLimit": 0,
      "autoneg": "no-autoneg",
      "jumbo": "no-jumbo",
      "enable": "enable",
      "lacpMode": "passive",
      "lacpPriority": 32768,
      "lacpTimeout": "slow",
      "stpPortCost": 20000,
      "stpPortPriority": 128,
      "reflect": "no-reflect",
      "edgeSwitch": false,
      "pause": false,
      "loopback": "default",
      "receiveOnly": "no-mirror-receive-only",
      "lport": 21,
      "remRswitchPortMac": "00:00:00:00:00:00",
      "rswitchDefaultVlan": 0,
      "portMacAddress": "06:b0:00:02:10:15",
      "sendPort": 0,
      "routing": true,
      "hostEnable": true,
      "description": null,
      "trunk": null,
      "ethMode": "1000base-x",
      "vlagId": null,
      "lacpIndividual": "",
      "stpPort": null,
      "mirrorOnly": null,
      "loopVlans": null
    },
    {
      "networkCode": 1,
      "code": 22,
      "switchName": "aquila02",
      "intf": 22,
      "switchId": "184549409",
      "port": "22",
      "speed": 1000,
      "egressRateLimit": 0,
      "autoneg": "no-autoneg",
      "jumbo": "no-jumbo",
      "enable": "enable",
      "lacpMode": "passive",
      "lacpPriority": 32768,
      "lacpTimeout": "slow",
      "stpPortCost": 20000,
      "stpPortPriority": 128,
      "reflect": "no-reflect",
      "edgeSwitch": false,
      "pause": false,
      "loopback": "default",
      "receiveOnly": "no-mirror-receive-only",
      "lport": 22,
      "remRswitchPortMac": "00:00:00:00:00:00",
      "rswitchDefaultVlan": 0,
      "portMacAddress": "06:b0:00:02:10:16",
      "sendPort": 0,
      "routing": true,
      "hostEnable": true,
      "description": null,
      "trunk": null,
      "ethMode": "1000base-x",
      "vlagId": null,
      "lacpIndividual": "",
      "stpPort": null,
      "mirrorOnly": null,
      "loopVlans": null
    },
    {
      "networkCode": 1,
      "code": 23,
      "switchName": "aquila02",
      "intf": 23,
      "switchId": "184549409",
      "port": "23",
      "speed": 100,
      "egressRateLimit": 0,
      "autoneg": "autoneg",
      "jumbo": "no-jumbo",
      "enable": "enable",
      "lacpMode": "passive",
      "lacpPriority": 32768,
      "lacpTimeout": "slow",
      "stpPortCost": 200000,
      "stpPortPriority": 128,
      "reflect": "no-reflect",
      "edgeSwitch": false,
      "pause": false,
      "loopback": "default",
      "receiveOnly": "no-mirror-receive-only",
      "lport": 23,
      "remRswitchPortMac": "00:00:00:00:00:00",
      "rswitchDefaultVlan": 0,
      "portMacAddress": "06:b0:00:02:10:17",
      "sendPort": 0,
      "routing": true,
      "hostEnable": true,
      "description": null,
      "trunk": null,
      "ethMode": "1000base-x",
      "vlagId": null,
      "lacpIndividual": "",
      "stpPort": null,
      "mirrorOnly": null,
      "loopVlans": null
    },
    {
      "networkCode": 1,
      "code": 24,
      "switchName": "aquila02",
      "intf": 24,
      "switchId": "184549409",
      "port": "24",
      "speed": 1000,
      "egressRateLimit": 0,
      "autoneg": "no-autoneg",
      "jumbo": "no-jumbo",
      "enable": "enable",
      "lacpMode": "passive",
      "lacpPriority": 32768,
      "lacpTimeout": "slow",
      "stpPortCost": 20000,
      "stpPortPriority": 128,
      "reflect": "no-reflect",
      "edgeSwitch": false,
      "pause": false,
      "loopback": "default",
      "receiveOnly": "no-mirror-receive-only",
      "lport": 24,
      "remRswitchPortMac": "00:00:00:00:00:00",
      "rswitchDefaultVlan": 0,
      "portMacAddress": "06:b0:00:02:10:18",
      "sendPort": 0,
      "routing": true,
      "hostEnable": true,
      "description": null,
      "trunk": null,
      "ethMode": "1000base-x",
      "vlagId": null,
      "lacpIndividual": "",
      "stpPort": null,
      "mirrorOnly": null,
      "loopVlans": null
    },
    {
      "networkCode": 1,
      "code": 25,
      "switchName": "aquila02",
      "intf": 25,
      "switchId": "184549409",
      "port": "25",
      "speed": 1000,
      "egressRateLimit": 0,
      "autoneg": "no-autoneg",
      "jumbo": "no-jumbo",
      "enable": "enable",
      "lacpMode": "passive",
      "lacpPriority": 32768,
      "lacpTimeout": "slow",
      "stpPortCost": 20000,
      "stpPortPriority": 128,
      "reflect": "no-reflect",
      "edgeSwitch": false,
      "pause": false,
      "loopback": "default",
      "receiveOnly": "no-mirror-receive-only",
      "lport": 25,
      "remRswitchPortMac": "00:00:00:00:00:00",
      "rswitchDefaultVlan": 0,
      "portMacAddress": "06:b0:00:02:10:19",
      "sendPort": 0,
      "routing": true,
      "hostEnable": true,
      "description": null,
      "trunk": null,
      "ethMode": "1000base-x",
      "vlagId": null,
      "lacpIndividual": "",
      "stpPort": null,
      "mirrorOnly": null,
      "loopVlans": null
    },
    {
      "networkCode": 1,
      "code": 26,
      "switchName": "aquila02",
      "intf": 26,
      "switchId": "184549409",
      "port": "26",
      "speed": 1000,
      "egressRateLimit": 0,
      "autoneg": "no-autoneg",
      "jumbo": "no-jumbo",
      "enable": "enable",
      "lacpMode": "passive",
      "lacpPriority": 32768,
      "lacpTimeout": "slow",
      "stpPortCost": 20000,
      "stpPortPriority": 128,
      "reflect": "no-reflect",
      "edgeSwitch": false,
      "pause": false,
      "loopback": "default",
      "receiveOnly": "no-mirror-receive-only",
      "lport": 26,
      "remRswitchPortMac": "00:00:00:00:00:00",
      "rswitchDefaultVlan": 0,
      "portMacAddress": "06:b0:00:02:10:1a",
      "sendPort": 0,
      "routing": true,
      "hostEnable": true,
      "description": null,
      "trunk": null,
      "ethMode": "1000base-x",
      "vlagId": null,
      "lacpIndividual": "",
      "stpPort": null,
      "mirrorOnly": null,
      "loopVlans": null
    },
    {
      "networkCode": 1,
      "code": 27,
      "switchName": "aquila02",
      "intf": 27,
      "switchId": "184549409",
      "port": "27",
      "speed": 1000,
      "egressRateLimit": 0,
      "autoneg": "no-autoneg",
      "jumbo": "no-jumbo",
      "enable": "enable",
      "lacpMode": "passive",
      "lacpPriority": 32768,
      "lacpTimeout": "slow",
      "stpPortCost": 20000,
      "stpPortPriority": 128,
      "reflect": "no-reflect",
      "edgeSwitch": false,
      "pause": false,
      "loopback": "default",
      "receiveOnly": "no-mirror-receive-only",
      "lport": 27,
      "remRswitchPortMac": "00:00:00:00:00:00",
      "rswitchDefaultVlan": 0,
      "portMacAddress": "06:b0:00:02:10:1b",
      "sendPort": 0,
      "routing": true,
      "hostEnable": true,
      "description": null,
      "trunk": null,
      "ethMode": "1000base-x",
      "vlagId": null,
      "lacpIndividual": "",
      "stpPort": null,
      "mirrorOnly": null,
      "loopVlans": null
    },
    {
      "networkCode": 1,
      "code": 28,
      "switchName": "aquila02",
      "intf": 28,
      "switchId": "184549409",
      "port": "28",
      "speed": 10000,
      "egressRateLimit": 0,
      "autoneg": "no-autoneg",
      "jumbo": "no-jumbo",
      "enable": "enable",
      "lacpMode": "passive",
      "lacpPriority": 32768,
      "lacpTimeout": "slow",
      "stpPortCost": 2000,
      "stpPortPriority": 128,
      "reflect": "no-reflect",
      "edgeSwitch": false,
      "pause": false,
      "loopback": "default",
      "receiveOnly": "no-mirror-receive-only",
      "lport": 28,
      "remRswitchPortMac": "00:00:00:00:00:00",
      "rswitchDefaultVlan": 0,
      "portMacAddress": "06:b0:00:02:10:1c",
      "sendPort": 0,
      "routing": true,
      "hostEnable": true,
      "description": null,
      "trunk": null,
      "ethMode": null,
      "vlagId": null,
      "lacpIndividual": "",
      "stpPort": null,
      "mirrorOnly": null,
      "loopVlans": null
    },
    {
      "networkCode": 1,
      "code": 29,
      "switchName": "aquila02",
      "intf": 29,
      "switchId": "184549409",
      "port": "29",
      "speed": 1000,
      "egressRateLimit": 0,
      "autoneg": "no-autoneg",
      "jumbo": "no-jumbo",
      "enable": "enable",
      "lacpMode": "passive",
      "lacpPriority": 32768,
      "lacpTimeout": "slow",
      "stpPortCost": 20000,
      "stpPortPriority": 128,
      "reflect": "no-reflect",
      "edgeSwitch": false,
      "pause": false,
      "loopback": "default",
      "receiveOnly": "no-mirror-receive-only",
      "lport": 29,
      "remRswitchPortMac": "00:00:00:00:00:00",
      "rswitchDefaultVlan": 0,
      "portMacAddress": "06:b0:00:02:10:1d",
      "sendPort": 0,
      "routing": true,
      "hostEnable": true,
      "description": null,
      "trunk": null,
      "ethMode": "1000base-x",
      "vlagId": null,
      "lacpIndividual": "",
      "stpPort": null,
      "mirrorOnly": null,
      "loopVlans": null
    },
    {
      "networkCode": 1,
      "code": 30,
      "switchName": "aquila02",
      "intf": 30,
      "switchId": "184549409",
      "port": "30",
      "speed": 1000,
      "egressRateLimit": 0,
      "autoneg": "no-autoneg",
      "jumbo": "no-jumbo",
      "enable": "enable",
      "lacpMode": "passive",
      "lacpPriority": 32768,
      "lacpTimeout": "slow",
      "stpPortCost": 20000,
      "stpPortPriority": 128,
      "reflect": "no-reflect",
      "edgeSwitch": false,
      "pause": false,
      "loopback": "default",
      "receiveOnly": "no-mirror-receive-only",
      "lport": 30,
      "remRswitchPortMac": "00:00:00:00:00:00",
      "rswitchDefaultVlan": 0,
      "portMacAddress": "06:b0:00:02:10:1e",
      "sendPort": 0,
      "routing": true,
      "hostEnable": true,
      "description": null,
      "trunk": null,
      "ethMode": "1000base-x",
      "vlagId": null,
      "lacpIndividual": "",
      "stpPort": null,
      "mirrorOnly": null,
      "loopVlans": null
    },
    {
      "networkCode": 1,
      "code": 31,
      "switchName": "aquila02",
      "intf": 31,
      "switchId": "184549409",
      "port": "31",
      "speed": 1000,
      "egressRateLimit": 0,
      "autoneg": "no-autoneg",
      "jumbo": "no-jumbo",
      "enable": "enable",
      "lacpMode": "passive",
      "lacpPriority": 32768,
      "lacpTimeout": "slow",
      "stpPortCost": 20000,
      "stpPortPriority": 128,
      "reflect": "no-reflect",
      "edgeSwitch": false,
      "pause": false,
      "loopback": "default",
      "receiveOnly": "no-mirror-receive-only",
      "lport": 31,
      "remRswitchPortMac": "00:00:00:00:00:00",
      "rswitchDefaultVlan": 0,
      "portMacAddress": "06:b0:00:02:10:1f",
      "sendPort": 0,
      "routing": true,
      "hostEnable": true,
      "description": null,
      "trunk": null,
      "ethMode": "1000base-x",
      "vlagId": null,
      "lacpIndividual": "",
      "stpPort": null,
      "mirrorOnly": null,
      "loopVlans": null
    },
    {
      "networkCode": 1,
      "code": 32,
      "switchName": "aquila02",
      "intf": 32,
      "switchId": "184549409",
      "port": "32",
      "speed": 10000,
      "egressRateLimit": 0,
      "autoneg": "no-autoneg",
      "jumbo": "jumbo",
      "enable": "enable",
      "lacpMode": "off",
      "lacpPriority": 32768,
      "lacpTimeout": "slow",
      "stpPortCost": 2000,
      "stpPortPriority": 128,
      "reflect": "no-reflect",
      "edgeSwitch": false,
      "pause": false,
      "loopback": "default",
      "receiveOnly": "no-mirror-receive-only",
      "lport": 32,
      "remRswitchPortMac": "00:00:00:00:00:00",
      "rswitchDefaultVlan": 0,
      "portMacAddress": "06:b0:00:02:10:20",
      "sendPort": 0,
      "routing": true,
      "hostEnable": true,
      "description": "to-pn-dev04",
      "trunk": null,
      "ethMode": null,
      "vlagId": null,
      "lacpIndividual": "",
      "stpPort": null,
      "mirrorOnly": null,
      "loopVlans": null
    },
    {
      "networkCode": 1,
      "code": 33,
      "switchName": "aquila02",
      "intf": 33,
      "switchId": "184549409",
      "port": "33",
      "speed": 0,
      "egressRateLimit": 0,
      "autoneg": "no-autoneg",
      "jumbo": "no-jumbo",
      "enable": "enable",
      "lacpMode": "passive",
      "lacpPriority": 32768,
      "lacpTimeout": "slow",
      "stpPortCost": 2000,
      "stpPortPriority": 128,
      "reflect": "no-reflect",
      "edgeSwitch": false,
      "pause": false,
      "loopback": "default",
      "receiveOnly": "no-mirror-receive-only",
      "lport": 33,
      "remRswitchPortMac": "00:00:00:00:00:00",
      "rswitchDefaultVlan": 0,
      "portMacAddress": "06:b0:00:02:10:21",
      "sendPort": 0,
      "routing": true,
      "hostEnable": true,
      "description": null,
      "trunk": null,
      "ethMode": null,
      "vlagId": null,
      "lacpIndividual": "",
      "stpPort": null,
      "mirrorOnly": null,
      "loopVlans": null
    },
    {
      "networkCode": 1,
      "code": 34,
      "switchName": "aquila02",
      "intf": 34,
      "switchId": "184549409",
      "port": "34",
      "speed": 0,
      "egressRateLimit": 0,
      "autoneg": "no-autoneg",
      "jumbo": "no-jumbo",
      "enable": "enable",
      "lacpMode": "passive",
      "lacpPriority": 32768,
      "lacpTimeout": "slow",
      "stpPortCost": 2000,
      "stpPortPriority": 128,
      "reflect": "no-reflect",
      "edgeSwitch": false,
      "pause": false,
      "loopback": "default",
      "receiveOnly": "no-mirror-receive-only",
      "lport": 34,
      "remRswitchPortMac": "00:00:00:00:00:00",
      "rswitchDefaultVlan": 0,
      "portMacAddress": "06:b0:00:02:10:22",
      "sendPort": 0,
      "routing": true,
      "hostEnable": true,
      "description": null,
      "trunk": null,
      "ethMode": null,
      "vlagId": null,
      "lacpIndividual": "",
      "stpPort": null,
      "mirrorOnly": null,
      "loopVlans": null
    },
    {
      "networkCode": 1,
      "code": 35,
      "switchName": "aquila02",
      "intf": 35,
      "switchId": "184549409",
      "port": "35",
      "speed": 0,
      "egressRateLimit": 0,
      "autoneg": "no-autoneg",
      "jumbo": "no-jumbo",
      "enable": "enable",
      "lacpMode": "passive",
      "lacpPriority": 32768,
      "lacpTimeout": "slow",
      "stpPortCost": 2000,
      "stpPortPriority": 128,
      "reflect": "no-reflect",
      "edgeSwitch": false,
      "pause": false,
      "loopback": "default",
      "receiveOnly": "no-mirror-receive-only",
      "lport": 35,
      "remRswitchPortMac": "00:00:00:00:00:00",
      "rswitchDefaultVlan": 0,
      "portMacAddress": "06:b0:00:02:10:23",
      "sendPort": 0,
      "routing": true,
      "hostEnable": true,
      "description": null,
      "trunk": null,
      "ethMode": null,
      "vlagId": null,
      "lacpIndividual": "",
      "stpPort": null,
      "mirrorOnly": null,
      "loopVlans": null
    },
    {
      "networkCode": 1,
      "code": 36,
      "switchName": "aquila02",
      "intf": 36,
      "switchId": "184549409",
      "port": "36",
      "speed": 40000,
      "egressRateLimit": 0,
      "autoneg": "no-autoneg",
      "jumbo": "no-jumbo",
      "enable": "enable",
      "lacpMode": "off",
      "lacpPriority": 32768,
      "lacpTimeout": "slow",
      "stpPortCost": 500,
      "stpPortPriority": 128,
      "reflect": "no-reflect",
      "edgeSwitch": false,
      "pause": false,
      "loopback": "default",
      "receiveOnly": "no-mirror-receive-only",
      "lport": 36,
      "remRswitchPortMac": "06:b0:00:0a:30:04",
      "rswitchDefaultVlan": 1,
      "portMacAddress": "06:b0:00:02:10:24",
      "sendPort": 0,
      "routing": true,
      "hostEnable": true,
      "description": "to spine02",
      "trunk": 129,
      "ethMode": null,
      "vlagId": null,
      "lacpIndividual": "",
      "stpPort": null,
      "mirrorOnly": null,
      "loopVlans": null
    },
    {
      "networkCode": 1,
      "code": 37,
      "switchName": "aquila02",
      "intf": 37,
      "switchId": "184549409",
      "port": "37",
      "speed": 0,
      "egressRateLimit": 0,
      "autoneg": "no-autoneg",
      "jumbo": "no-jumbo",
      "enable": "enable",
      "lacpMode": "passive",
      "lacpPriority": 32768,
      "lacpTimeout": "slow",
      "stpPortCost": 2000,
      "stpPortPriority": 128,
      "reflect": "no-reflect",
      "edgeSwitch": false,
      "pause": false,
      "loopback": "default",
      "receiveOnly": "no-mirror-receive-only",
      "lport": 37,
      "remRswitchPortMac": "00:00:00:00:00:00",
      "rswitchDefaultVlan": 0,
      "portMacAddress": "06:b0:00:02:10:25",
      "sendPort": 0,
      "routing": true,
      "hostEnable": true,
      "description": null,
      "trunk": null,
      "ethMode": null,
      "vlagId": null,
      "lacpIndividual": "",
      "stpPort": null,
      "mirrorOnly": null,
      "loopVlans": null
    },
    {
      "networkCode": 1,
      "code": 38,
      "switchName": "aquila02",
      "intf": 38,
      "switchId": "184549409",
      "port": "38",
      "speed": 0,
      "egressRateLimit": 0,
      "autoneg": "no-autoneg",
      "jumbo": "no-jumbo",
      "enable": "enable",
      "lacpMode": "passive",
      "lacpPriority": 32768,
      "lacpTimeout": "slow",
      "stpPortCost": 2000,
      "stpPortPriority": 128,
      "reflect": "no-reflect",
      "edgeSwitch": false,
      "pause": false,
      "loopback": "default",
      "receiveOnly": "no-mirror-receive-only",
      "lport": 38,
      "remRswitchPortMac": "00:00:00:00:00:00",
      "rswitchDefaultVlan": 0,
      "portMacAddress": "06:b0:00:02:10:26",
      "sendPort": 0,
      "routing": true,
      "hostEnable": true,
      "description": null,
      "trunk": null,
      "ethMode": null,
      "vlagId": null,
      "lacpIndividual": "",
      "stpPort": null,
      "mirrorOnly": null,
      "loopVlans": null
    },
    {
      "networkCode": 1,
      "code": 39,
      "switchName": "aquila02",
      "intf": 39,
      "switchId": "184549409",
      "port": "39",
      "speed": 0,
      "egressRateLimit": 0,
      "autoneg": "no-autoneg",
      "jumbo": "no-jumbo",
      "enable": "enable",
      "lacpMode": "passive",
      "lacpPriority": 32768,
      "lacpTimeout": "slow",
      "stpPortCost": 2000,
      "stpPortPriority": 128,
      "reflect": "no-reflect",
      "edgeSwitch": false,
      "pause": false,
      "loopback": "default",
      "receiveOnly": "no-mirror-receive-only",
      "lport": 39,
      "remRswitchPortMac": "00:00:00:00:00:00",
      "rswitchDefaultVlan": 0,
      "portMacAddress": "06:b0:00:02:10:27",
      "sendPort": 0,
      "routing": true,
      "hostEnable": true,
      "description": null,
      "trunk": null,
      "ethMode": null,
      "vlagId": null,
      "lacpIndividual": "",
      "stpPort": null,
      "mirrorOnly": null,
      "loopVlans": null
    },
    {
      "networkCode": 1,
      "code": 40,
      "switchName": "aquila02",
      "intf": 40,
      "switchId": "184549409",
      "port": "40",
      "speed": 40000,
      "egressRateLimit": 0,
      "autoneg": "no-autoneg",
      "jumbo": "no-jumbo",
      "enable": "enable",
      "lacpMode": "off",
      "lacpPriority": 32768,
      "lacpTimeout": "slow",
      "stpPortCost": 500,
      "stpPortPriority": 128,
      "reflect": "no-reflect",
      "edgeSwitch": false,
      "pause": false,
      "loopback": "default",
      "receiveOnly": "no-mirror-receive-only",
      "lport": 40,
      "remRswitchPortMac": "06:b0:00:0a:30:05",
      "rswitchDefaultVlan": 1,
      "portMacAddress": "06:b0:00:02:10:28",
      "sendPort": 0,
      "routing": true,
      "hostEnable": true,
      "description": "to spine02",
      "trunk": 129,
      "ethMode": null,
      "vlagId": null,
      "lacpIndividual": "",
      "stpPort": null,
      "mirrorOnly": null,
      "loopVlans": null
    },
    {
      "networkCode": 1,
      "code": 41,
      "switchName": "aquila02",
      "intf": 41,
      "switchId": "184549409",
      "port": "41",
      "speed": 10000,
      "egressRateLimit": 0,
      "autoneg": "no-autoneg",
      "jumbo": "jumbo",
      "enable": "enable",
      "lacpMode": "off",
      "lacpPriority": 32768,
      "lacpTimeout": "slow",
      "stpPortCost": 2000,
      "stpPortPriority": 128,
      "reflect": "no-reflect",
      "edgeSwitch": false,
      "pause": false,
      "loopback": "default",
      "receiveOnly": "no-mirror-receive-only",
      "lport": 41,
      "remRswitchPortMac": "06:b0:00:09:80:29",
      "rswitchDefaultVlan": 1,
      "portMacAddress": "06:b0:00:02:10:29",
      "sendPort": 0,
      "routing": true,
      "hostEnable": true,
      "description": "to pn-dev02",
      "trunk": 128,
      "ethMode": null,
      "vlagId": null,
      "lacpIndividual": "",
      "stpPort": null,
      "mirrorOnly": null,
      "loopVlans": null
    },
    {
      "networkCode": 1,
      "code": 42,
      "switchName": "aquila02",
      "intf": 42,
      "switchId": "184549409",
      "port": "42",
      "speed": 10000,
      "egressRateLimit": 0,
      "autoneg": "no-autoneg",
      "jumbo": "jumbo",
      "enable": "enable",
      "lacpMode": "off",
      "lacpPriority": 32768,
      "lacpTimeout": "slow",
      "stpPortCost": 2000,
      "stpPortPriority": 128,
      "reflect": "no-reflect",
      "edgeSwitch": false,
      "pause": false,
      "loopback": "default",
      "receiveOnly": "no-mirror-receive-only",
      "lport": 42,
      "remRswitchPortMac": "06:b0:00:09:80:2a",
      "rswitchDefaultVlan": 1,
      "portMacAddress": "06:b0:00:02:10:2a",
      "sendPort": 0,
      "routing": true,
      "hostEnable": true,
      "description": "to pn-dev02",
      "trunk": 128,
      "ethMode": null,
      "vlagId": null,
      "lacpIndividual": "",
      "stpPort": null,
      "mirrorOnly": null,
      "loopVlans": null
    },
    {
      "networkCode": 1,
      "code": 43,
      "switchName": "aquila02",
      "intf": 43,
      "switchId": "184549409",
      "port": "43",
      "speed": 10000,
      "egressRateLimit": 0,
      "autoneg": "no-autoneg",
      "jumbo": "jumbo",
      "enable": "enable",
      "lacpMode": "off",
      "lacpPriority": 32768,
      "lacpTimeout": "slow",
      "stpPortCost": 2000,
      "stpPortPriority": 128,
      "reflect": "no-reflect",
      "edgeSwitch": false,
      "pause": false,
      "loopback": "default",
      "receiveOnly": "no-mirror-receive-only",
      "lport": 43,
      "remRswitchPortMac": "06:b0:00:09:80:2b",
      "rswitchDefaultVlan": 1,
      "portMacAddress": "06:b0:00:02:10:2b",
      "sendPort": 0,
      "routing": true,
      "hostEnable": true,
      "description": "to pn-dev02",
      "trunk": 128,
      "ethMode": null,
      "vlagId": null,
      "lacpIndividual": "",
      "stpPort": null,
      "mirrorOnly": null,
      "loopVlans": null
    },
    {
      "networkCode": 1,
      "code": 44,
      "switchName": "aquila02",
      "intf": 44,
      "switchId": "184549409",
      "port": "44",
      "speed": 10000,
      "egressRateLimit": 0,
      "autoneg": "no-autoneg",
      "jumbo": "jumbo",
      "enable": "enable",
      "lacpMode": "off",
      "lacpPriority": 32768,
      "lacpTimeout": "slow",
      "stpPortCost": 2000,
      "stpPortPriority": 128,
      "reflect": "no-reflect",
      "edgeSwitch": false,
      "pause": false,
      "loopback": "default",
      "receiveOnly": "no-mirror-receive-only",
      "lport": 44,
      "remRswitchPortMac": "06:b0:00:09:80:2c",
      "rswitchDefaultVlan": 1,
      "portMacAddress": "06:b0:00:02:10:2c",
      "sendPort": 0,
      "routing": true,
      "hostEnable": true,
      "description": "to pn-dev02",
      "trunk": 128,
      "ethMode": null,
      "vlagId": null,
      "lacpIndividual": "",
      "stpPort": null,
      "mirrorOnly": null,
      "loopVlans": null
    },
    {
      "networkCode": 1,
      "code": 45,
      "switchName": "aquila02",
      "intf": 45,
      "switchId": "184549409",
      "port": "45",
      "speed": 10000,
      "egressRateLimit": 0,
      "autoneg": "no-autoneg",
      "jumbo": "no-jumbo",
      "enable": "enable",
      "lacpMode": "passive",
      "lacpPriority": 32768,
      "lacpTimeout": "slow",
      "stpPortCost": 2000,
      "stpPortPriority": 128,
      "reflect": "no-reflect",
      "edgeSwitch": false,
      "pause": false,
      "loopback": "default",
      "receiveOnly": "no-mirror-receive-only",
      "lport": 45,
      "remRswitchPortMac": "00:00:00:00:00:00",
      "rswitchDefaultVlan": 0,
      "portMacAddress": "06:b0:00:02:10:2d",
      "sendPort": 0,
      "routing": true,
      "hostEnable": true,
      "description": null,
      "trunk": null,
      "ethMode": null,
      "vlagId": null,
      "lacpIndividual": "",
      "stpPort": null,
      "mirrorOnly": null,
      "loopVlans": null
    },
    {
      "networkCode": 1,
      "code": 46,
      "switchName": "aquila02",
      "intf": 46,
      "switchId": "184549409",
      "port": "46",
      "speed": 10000,
      "egressRateLimit": 0,
      "autoneg": "no-autoneg",
      "jumbo": "no-jumbo",
      "enable": "enable",
      "lacpMode": "passive",
      "lacpPriority": 32768,
      "lacpTimeout": "slow",
      "stpPortCost": 2000,
      "stpPortPriority": 128,
      "reflect": "no-reflect",
      "edgeSwitch": false,
      "pause": false,
      "loopback": "default",
      "receiveOnly": "no-mirror-receive-only",
      "lport": 46,
      "remRswitchPortMac": "00:00:00:00:00:00",
      "rswitchDefaultVlan": 0,
      "portMacAddress": "06:b0:00:02:10:2e",
      "sendPort": 0,
      "routing": true,
      "hostEnable": true,
      "description": null,
      "trunk": null,
      "ethMode": null,
      "vlagId": null,
      "lacpIndividual": "",
      "stpPort": null,
      "mirrorOnly": null,
      "loopVlans": null
    },
    {
      "networkCode": 1,
      "code": 47,
      "switchName": "aquila02",
      "intf": 47,
      "switchId": "184549409",
      "port": "47",
      "speed": 10000,
      "egressRateLimit": 0,
      "autoneg": "no-autoneg",
      "jumbo": "jumbo",
      "enable": "enable",
      "lacpMode": "off",
      "lacpPriority": 32768,
      "lacpTimeout": "slow",
      "stpPortCost": 2000,
      "stpPortPriority": 128,
      "reflect": "no-reflect",
      "edgeSwitch": false,
      "pause": false,
      "loopback": "default",
      "receiveOnly": "no-mirror-receive-only",
      "lport": 47,
      "remRswitchPortMac": "00:00:00:00:00:00",
      "rswitchDefaultVlan": 0,
      "portMacAddress": "06:b0:00:02:10:2f",
      "sendPort": 0,
      "routing": true,
      "hostEnable": true,
      "description": null,
      "trunk": null,
      "ethMode": null,
      "vlagId": null,
      "lacpIndividual": "",
      "stpPort": null,
      "mirrorOnly": null,
      "loopVlans": null
    },
    {
      "networkCode": 1,
      "code": 48,
      "switchName": "aquila02",
      "intf": 48,
      "switchId": "184549409",
      "port": "48",
      "speed": 10000,
      "egressRateLimit": 0,
      "autoneg": "no-autoneg",
      "jumbo": "jumbo",
      "enable": "enable",
      "lacpMode": "off",
      "lacpPriority": 32768,
      "lacpTimeout": "slow",
      "stpPortCost": 2000,
      "stpPortPriority": 128,
      "reflect": "no-reflect",
      "edgeSwitch": false,
      "pause": false,
      "loopback": "default",
      "receiveOnly": "no-mirror-receive-only",
      "lport": 48,
      "remRswitchPortMac": "06:a0:00:10:60:2e",
      "rswitchDefaultVlan": 1,
      "portMacAddress": "06:b0:00:02:10:30",
      "sendPort": 0,
      "routing": true,
      "hostEnable": true,
      "description": "to-pn-dev03",
      "trunk": null,
      "ethMode": null,
      "vlagId": null,
      "lacpIndividual": "",
      "stpPort": null,
      "mirrorOnly": null,
      "loopVlans": null
    },
    {
      "networkCode": 1,
      "code": 49,
      "switchName": "aquila02",
      "intf": 49,
      "switchId": "184549409",
      "port": "49",
      "speed": 1000,
      "egressRateLimit": 0,
      "autoneg": "no-autoneg",
      "jumbo": "no-jumbo",
      "enable": "enable",
      "lacpMode": "passive",
      "lacpPriority": 32768,
      "lacpTimeout": "slow",
      "stpPortCost": 20000,
      "stpPortPriority": 128,
      "reflect": "no-reflect",
      "edgeSwitch": false,
      "pause": false,
      "loopback": "default",
      "receiveOnly": "no-mirror-receive-only",
      "lport": 49,
      "remRswitchPortMac": "00:00:00:00:00:00",
      "rswitchDefaultVlan": 0,
      "portMacAddress": "06:b0:00:02:10:31",
      "sendPort": 0,
      "routing": true,
      "hostEnable": true,
      "description": null,
      "trunk": null,
      "ethMode": "1000base-x",
      "vlagId": null,
      "lacpIndividual": "",
      "stpPort": null,
      "mirrorOnly": null,
      "loopVlans": null
    },
    {
      "networkCode": 1,
      "code": 50,
      "switchName": "aquila02",
      "intf": 50,
      "switchId": "184549409",
      "port": "50",
      "speed": 1000,
      "egressRateLimit": 0,
      "autoneg": "no-autoneg",
      "jumbo": "no-jumbo",
      "enable": "enable",
      "lacpMode": "passive",
      "lacpPriority": 32768,
      "lacpTimeout": "slow",
      "stpPortCost": 20000,
      "stpPortPriority": 128,
      "reflect": "no-reflect",
      "edgeSwitch": false,
      "pause": false,
      "loopback": "default",
      "receiveOnly": "no-mirror-receive-only",
      "lport": 50,
      "remRswitchPortMac": "00:00:00:00:00:00",
      "rswitchDefaultVlan": 0,
      "portMacAddress": "06:b0:00:02:10:32",
      "sendPort": 0,
      "routing": true,
      "hostEnable": true,
      "description": null,
      "trunk": null,
      "ethMode": "1000base-x",
      "vlagId": null,
      "lacpIndividual": "",
      "stpPort": null,
      "mirrorOnly": null,
      "loopVlans": null
    },
    {
      "networkCode": 1,
      "code": 51,
      "switchName": "aquila02",
      "intf": 51,
      "switchId": "184549409",
      "port": "51",
      "speed": 1000,
      "egressRateLimit": 0,
      "autoneg": "no-autoneg",
      "jumbo": "no-jumbo",
      "enable": "enable",
      "lacpMode": "passive",
      "lacpPriority": 32768,
      "lacpTimeout": "slow",
      "stpPortCost": 20000,
      "stpPortPriority": 128,
      "reflect": "no-reflect",
      "edgeSwitch": false,
      "pause": false,
      "loopback": "default",
      "receiveOnly": "no-mirror-receive-only",
      "lport": 51,
      "remRswitchPortMac": "00:00:00:00:00:00",
      "rswitchDefaultVlan": 0,
      "portMacAddress": "06:b0:00:02:10:33",
      "sendPort": 0,
      "routing": true,
      "hostEnable": true,
      "description": null,
      "trunk": null,
      "ethMode": "1000base-x",
      "vlagId": null,
      "lacpIndividual": "",
      "stpPort": null,
      "mirrorOnly": null,
      "loopVlans": null
    },
    {
      "networkCode": 1,
      "code": 52,
      "switchName": "aquila02",
      "intf": 52,
      "switchId": "184549409",
      "port": "52",
      "speed": 1000,
      "egressRateLimit": 0,
      "autoneg": "no-autoneg",
      "jumbo": "no-jumbo",
      "enable": "enable",
      "lacpMode": "passive",
      "lacpPriority": 32768,
      "lacpTimeout": "slow",
      "stpPortCost": 20000,
      "stpPortPriority": 128,
      "reflect": "no-reflect",
      "edgeSwitch": false,
      "pause": false,
      "loopback": "default",
      "receiveOnly": "no-mirror-receive-only",
      "lport": 52,
      "remRswitchPortMac": "00:00:00:00:00:00",
      "rswitchDefaultVlan": 0,
      "portMacAddress": "06:b0:00:02:10:34",
      "sendPort": 0,
      "routing": true,
      "hostEnable": true,
      "description": null,
      "trunk": null,
      "ethMode": "1000base-x",
      "vlagId": null,
      "lacpIndividual": "",
      "stpPort": null,
      "mirrorOnly": null,
      "loopVlans": null
    },
    {
      "networkCode": 1,
      "code": 53,
      "switchName": "aquila02",
      "intf": 53,
      "switchId": "184549409",
      "port": "53",
      "speed": 1000,
      "egressRateLimit": 0,
      "autoneg": "no-autoneg",
      "jumbo": "no-jumbo",
      "enable": "enable",
      "lacpMode": "passive",
      "lacpPriority": 32768,
      "lacpTimeout": "slow",
      "stpPortCost": 20000,
      "stpPortPriority": 128,
      "reflect": "no-reflect",
      "edgeSwitch": false,
      "pause": false,
      "loopback": "default",
      "receiveOnly": "no-mirror-receive-only",
      "lport": 53,
      "remRswitchPortMac": "00:00:00:00:00:00",
      "rswitchDefaultVlan": 0,
      "portMacAddress": "06:b0:00:02:10:35",
      "sendPort": 0,
      "routing": true,
      "hostEnable": true,
      "description": null,
      "trunk": null,
      "ethMode": "1000base-x",
      "vlagId": null,
      "lacpIndividual": "",
      "stpPort": null,
      "mirrorOnly": null,
      "loopVlans": null
    },
    {
      "networkCode": 1,
      "code": 54,
      "switchName": "aquila02",
      "intf": 54,
      "switchId": "184549409",
      "port": "54",
      "speed": 1000,
      "egressRateLimit": 0,
      "autoneg": "no-autoneg",
      "jumbo": "no-jumbo",
      "enable": "enable",
      "lacpMode": "passive",
      "lacpPriority": 32768,
      "lacpTimeout": "slow",
      "stpPortCost": 20000,
      "stpPortPriority": 128,
      "reflect": "no-reflect",
      "edgeSwitch": false,
      "pause": false,
      "loopback": "default",
      "receiveOnly": "no-mirror-receive-only",
      "lport": 54,
      "remRswitchPortMac": "00:00:00:00:00:00",
      "rswitchDefaultVlan": 0,
      "portMacAddress": "06:b0:00:02:10:36",
      "sendPort": 0,
      "routing": true,
      "hostEnable": true,
      "description": null,
      "trunk": null,
      "ethMode": "1000base-x",
      "vlagId": null,
      "lacpIndividual": "",
      "stpPort": null,
      "mirrorOnly": null,
      "loopVlans": null
    },
    {
      "networkCode": 1,
      "code": 55,
      "switchName": "aquila02",
      "intf": 55,
      "switchId": "184549409",
      "port": "55",
      "speed": 1000,
      "egressRateLimit": 0,
      "autoneg": "autoneg",
      "jumbo": "no-jumbo",
      "enable": "enable",
      "lacpMode": "passive",
      "lacpPriority": 32768,
      "lacpTimeout": "slow",
      "stpPortCost": 20000,
      "stpPortPriority": 128,
      "reflect": "no-reflect",
      "edgeSwitch": false,
      "pause": false,
      "loopback": "default",
      "receiveOnly": "no-mirror-receive-only",
      "lport": 55,
      "remRswitchPortMac": "00:00:00:00:00:00",
      "rswitchDefaultVlan": 0,
      "portMacAddress": "06:b0:00:02:10:37",
      "sendPort": 0,
      "routing": true,
      "hostEnable": true,
      "description": null,
      "trunk": null,
      "ethMode": "1000base-x",
      "vlagId": null,
      "lacpIndividual": "",
      "stpPort": null,
      "mirrorOnly": null,
      "loopVlans": null
    },
    {
      "networkCode": 1,
      "code": 56,
      "switchName": "aquila02",
      "intf": 56,
      "switchId": "184549409",
      "port": "56",
      "speed": 1000,
      "egressRateLimit": 0,
      "autoneg": "no-autoneg",
      "jumbo": "no-jumbo",
      "enable": "enable",
      "lacpMode": "passive",
      "lacpPriority": 32768,
      "lacpTimeout": "slow",
      "stpPortCost": 20000,
      "stpPortPriority": 128,
      "reflect": "no-reflect",
      "edgeSwitch": false,
      "pause": false,
      "loopback": "default",
      "receiveOnly": "no-mirror-receive-only",
      "lport": 56,
      "remRswitchPortMac": "00:00:00:00:00:00",
      "rswitchDefaultVlan": 0,
      "portMacAddress": "06:b0:00:02:10:38",
      "sendPort": 0,
      "routing": true,
      "hostEnable": true,
      "description": null,
      "trunk": null,
      "ethMode": "1000base-x",
      "vlagId": null,
      "lacpIndividual": "",
      "stpPort": null,
      "mirrorOnly": null,
      "loopVlans": null
    },
    {
      "networkCode": 1,
      "code": 57,
      "switchName": "aquila02",
      "intf": 57,
      "switchId": "184549409",
      "port": "57",
      "speed": 1000,
      "egressRateLimit": 0,
      "autoneg": "no-autoneg",
      "jumbo": "no-jumbo",
      "enable": "enable",
      "lacpMode": "passive",
      "lacpPriority": 32768,
      "lacpTimeout": "slow",
      "stpPortCost": 20000,
      "stpPortPriority": 128,
      "reflect": "no-reflect",
      "edgeSwitch": false,
      "pause": false,
      "loopback": "default",
      "receiveOnly": "no-mirror-receive-only",
      "lport": 57,
      "remRswitchPortMac": "00:00:00:00:00:00",
      "rswitchDefaultVlan": 0,
      "portMacAddress": "06:b0:00:02:10:39",
      "sendPort": 0,
      "routing": true,
      "hostEnable": true,
      "description": null,
      "trunk": null,
      "ethMode": "1000base-x",
      "vlagId": null,
      "lacpIndividual": "",
      "stpPort": null,
      "mirrorOnly": null,
      "loopVlans": null
    },
    {
      "networkCode": 1,
      "code": 58,
      "switchName": "aquila02",
      "intf": 58,
      "switchId": "184549409",
      "port": "58",
      "speed": 1000,
      "egressRateLimit": 0,
      "autoneg": "no-autoneg",
      "jumbo": "no-jumbo",
      "enable": "enable",
      "lacpMode": "passive",
      "lacpPriority": 32768,
      "lacpTimeout": "slow",
      "stpPortCost": 20000,
      "stpPortPriority": 128,
      "reflect": "no-reflect",
      "edgeSwitch": false,
      "pause": false,
      "loopback": "default",
      "receiveOnly": "no-mirror-receive-only",
      "lport": 58,
      "remRswitchPortMac": "00:00:00:00:00:00",
      "rswitchDefaultVlan": 0,
      "portMacAddress": "06:b0:00:02:10:3a",
      "sendPort": 0,
      "routing": true,
      "hostEnable": true,
      "description": null,
      "trunk": null,
      "ethMode": "1000base-x",
      "vlagId": null,
      "lacpIndividual": "",
      "stpPort": null,
      "mirrorOnly": null,
      "loopVlans": null
    },
    {
      "networkCode": 1,
      "code": 59,
      "switchName": "aquila02",
      "intf": 59,
      "switchId": "184549409",
      "port": "59",
      "speed": 1000,
      "egressRateLimit": 0,
      "autoneg": "no-autoneg",
      "jumbo": "no-jumbo",
      "enable": "enable",
      "lacpMode": "passive",
      "lacpPriority": 32768,
      "lacpTimeout": "slow",
      "stpPortCost": 20000,
      "stpPortPriority": 128,
      "reflect": "no-reflect",
      "edgeSwitch": false,
      "pause": false,
      "loopback": "default",
      "receiveOnly": "no-mirror-receive-only",
      "lport": 59,
      "remRswitchPortMac": "00:00:00:00:00:00",
      "rswitchDefaultVlan": 0,
      "portMacAddress": "06:b0:00:02:10:3b",
      "sendPort": 0,
      "routing": true,
      "hostEnable": true,
      "description": null,
      "trunk": null,
      "ethMode": "1000base-x",
      "vlagId": null,
      "lacpIndividual": "",
      "stpPort": null,
      "mirrorOnly": null,
      "loopVlans": null
    },
    {
      "networkCode": 1,
      "code": 60,
      "switchName": "aquila02",
      "intf": 60,
      "switchId": "184549409",
      "port": "60",
      "speed": 1000,
      "egressRateLimit": 0,
      "autoneg": "no-autoneg",
      "jumbo": "no-jumbo",
      "enable": "enable",
      "lacpMode": "passive",
      "lacpPriority": 32768,
      "lacpTimeout": "slow",
      "stpPortCost": 20000,
      "stpPortPriority": 128,
      "reflect": "no-reflect",
      "edgeSwitch": false,
      "pause": false,
      "loopback": "default",
      "receiveOnly": "no-mirror-receive-only",
      "lport": 60,
      "remRswitchPortMac": "00:00:00:00:00:00",
      "rswitchDefaultVlan": 0,
      "portMacAddress": "06:b0:00:02:10:3c",
      "sendPort": 0,
      "routing": true,
      "hostEnable": true,
      "description": null,
      "trunk": null,
      "ethMode": "1000base-x",
      "vlagId": null,
      "lacpIndividual": "",
      "stpPort": null,
      "mirrorOnly": null,
      "loopVlans": null
    },
    {
      "networkCode": 1,
      "code": 61,
      "switchName": "aquila02",
      "intf": 61,
      "switchId": "184549409",
      "port": "61",
      "speed": 1000,
      "egressRateLimit": 0,
      "autoneg": "no-autoneg",
      "jumbo": "no-jumbo",
      "enable": "enable",
      "lacpMode": "passive",
      "lacpPriority": 32768,
      "lacpTimeout": "slow",
      "stpPortCost": 20000,
      "stpPortPriority": 128,
      "reflect": "no-reflect",
      "edgeSwitch": false,
      "pause": false,
      "loopback": "default",
      "receiveOnly": "no-mirror-receive-only",
      "lport": 61,
      "remRswitchPortMac": "00:00:00:00:00:00",
      "rswitchDefaultVlan": 0,
      "portMacAddress": "06:b0:00:02:10:3d",
      "sendPort": 0,
      "routing": true,
      "hostEnable": true,
      "description": null,
      "trunk": null,
      "ethMode": "1000base-x",
      "vlagId": null,
      "lacpIndividual": "",
      "stpPort": null,
      "mirrorOnly": null,
      "loopVlans": null
    },
    {
      "networkCode": 1,
      "code": 62,
      "switchName": "aquila02",
      "intf": 62,
      "switchId": "184549409",
      "port": "62",
      "speed": 1000,
      "egressRateLimit": 0,
      "autoneg": "no-autoneg",
      "jumbo": "no-jumbo",
      "enable": "enable",
      "lacpMode": "passive",
      "lacpPriority": 32768,
      "lacpTimeout": "slow",
      "stpPortCost": 20000,
      "stpPortPriority": 128,
      "reflect": "no-reflect",
      "edgeSwitch": false,
      "pause": false,
      "loopback": "default",
      "receiveOnly": "no-mirror-receive-only",
      "lport": 62,
      "remRswitchPortMac": "00:00:00:00:00:00",
      "rswitchDefaultVlan": 0,
      "portMacAddress": "06:b0:00:02:10:3e",
      "sendPort": 0,
      "routing": true,
      "hostEnable": true,
      "description": null,
      "trunk": null,
      "ethMode": "1000base-x",
      "vlagId": null,
      "lacpIndividual": "",
      "stpPort": null,
      "mirrorOnly": null,
      "loopVlans": null
    },
    {
      "networkCode": 1,
      "code": 63,
      "switchName": "aquila02",
      "intf": 63,
      "switchId": "184549409",
      "port": "63",
      "speed": 1000,
      "egressRateLimit": 0,
      "autoneg": "no-autoneg",
      "jumbo": "no-jumbo",
      "enable": "enable",
      "lacpMode": "passive",
      "lacpPriority": 32768,
      "lacpTimeout": "slow",
      "stpPortCost": 20000,
      "stpPortPriority": 128,
      "reflect": "no-reflect",
      "edgeSwitch": false,
      "pause": false,
      "loopback": "default",
      "receiveOnly": "no-mirror-receive-only",
      "lport": 63,
      "remRswitchPortMac": "00:00:00:00:00:00",
      "rswitchDefaultVlan": 0,
      "portMacAddress": "06:b0:00:02:10:3f",
      "sendPort": 0,
      "routing": true,
      "hostEnable": true,
      "description": null,
      "trunk": null,
      "ethMode": "1000base-x",
      "vlagId": null,
      "lacpIndividual": "",
      "stpPort": null,
      "mirrorOnly": null,
      "loopVlans": null
    },
    {
      "networkCode": 1,
      "code": 64,
      "switchName": "aquila02",
      "intf": 64,
      "switchId": "184549409",
      "port": "64",
      "speed": 1000,
      "egressRateLimit": 0,
      "autoneg": "no-autoneg",
      "jumbo": "no-jumbo",
      "enable": "enable",
      "lacpMode": "passive",
      "lacpPriority": 32768,
      "lacpTimeout": "slow",
      "stpPortCost": 20000,
      "stpPortPriority": 128,
      "reflect": "no-reflect",
      "edgeSwitch": false,
      "pause": false,
      "loopback": "default",
      "receiveOnly": "no-mirror-receive-only",
      "lport": 64,
      "remRswitchPortMac": "00:00:00:00:00:00",
      "rswitchDefaultVlan": 0,
      "portMacAddress": "06:b0:00:02:10:40",
      "sendPort": 0,
      "routing": true,
      "hostEnable": true,
      "description": null,
      "trunk": null,
      "ethMode": "1000base-x",
      "vlagId": null,
      "lacpIndividual": "",
      "stpPort": null,
      "mirrorOnly": null,
      "loopVlans": null
    },
    {
      "networkCode": 1,
      "code": 65,
      "switchName": "aquila02",
      "intf": 65,
      "switchId": "184549409",
      "port": "65",
      "speed": 10000,
      "egressRateLimit": null,
      "autoneg": "no-autoneg",
      "jumbo": "jumbo",
      "enable": "enable",
      "lacpMode": "passive",
      "lacpPriority": 32768,
      "lacpTimeout": "slow",
      "stpPortCost": 2000,
      "stpPortPriority": 128,
      "reflect": "no-reflect",
      "edgeSwitch": false,
      "pause": false,
      "loopback": "default",
      "receiveOnly": "no-mirror-receive-only",
      "lport": 65,
      "remRswitchPortMac": "00:00:00:00:00:00",
      "rswitchDefaultVlan": 0,
      "portMacAddress": "06:b0:00:02:10:41",
      "sendPort": 0,
      "routing": true,
      "hostEnable": true,
      "description": null,
      "trunk": null,
      "ethMode": null,
      "vlagId": null,
      "lacpIndividual": "",
      "stpPort": null,
      "mirrorOnly": null,
      "loopVlans": null
    },
    {
      "networkCode": 1,
      "code": 66,
      "switchName": "aquila02",
      "intf": 66,
      "switchId": "184549409",
      "port": "66",
      "speed": 10000,
      "egressRateLimit": null,
      "autoneg": "no-autoneg",
      "jumbo": "jumbo",
      "enable": "enable",
      "lacpMode": "passive",
      "lacpPriority": 32768,
      "lacpTimeout": "slow",
      "stpPortCost": 2000,
      "stpPortPriority": 128,
      "reflect": "no-reflect",
      "edgeSwitch": false,
      "pause": false,
      "loopback": "default",
      "receiveOnly": "no-mirror-receive-only",
      "lport": 66,
      "remRswitchPortMac": "00:00:00:00:00:00",
      "rswitchDefaultVlan": 0,
      "portMacAddress": "06:b0:00:02:10:42",
      "sendPort": 0,
      "routing": true,
      "hostEnable": true,
      "description": null,
      "trunk": null,
      "ethMode": null,
      "vlagId": null,
      "lacpIndividual": "",
      "stpPort": null,
      "mirrorOnly": null,
      "loopVlans": null
    },
    {
      "networkCode": 1,
      "code": 67,
      "switchName": "aquila02",
      "intf": 67,
      "switchId": "184549409",
      "port": "67",
      "speed": 10000,
      "egressRateLimit": null,
      "autoneg": "no-autoneg",
      "jumbo": "jumbo",
      "enable": "enable",
      "lacpMode": "passive",
      "lacpPriority": 32768,
      "lacpTimeout": "slow",
      "stpPortCost": 2000,
      "stpPortPriority": 128,
      "reflect": "no-reflect",
      "edgeSwitch": false,
      "pause": false,
      "loopback": "default",
      "receiveOnly": "no-mirror-receive-only",
      "lport": 67,
      "remRswitchPortMac": "00:00:00:00:00:00",
      "rswitchDefaultVlan": 0,
      "portMacAddress": "06:b0:00:02:10:43",
      "sendPort": 0,
      "routing": true,
      "hostEnable": true,
      "description": null,
      "trunk": null,
      "ethMode": null,
      "vlagId": null,
      "lacpIndividual": "",
      "stpPort": null,
      "mirrorOnly": null,
      "loopVlans": null
    },
    {
      "networkCode": 1,
      "code": 68,
      "switchName": "aquila02",
      "intf": 68,
      "switchId": "184549409",
      "port": "68",
      "speed": 10000,
      "egressRateLimit": null,
      "autoneg": "no-autoneg",
      "jumbo": "jumbo",
      "enable": "enable",
      "lacpMode": "passive",
      "lacpPriority": 32768,
      "lacpTimeout": "slow",
      "stpPortCost": 2000,
      "stpPortPriority": 128,
      "reflect": "no-reflect",
      "edgeSwitch": false,
      "pause": false,
      "loopback": "default",
      "receiveOnly": "no-mirror-receive-only",
      "lport": 68,
      "remRswitchPortMac": "00:00:00:00:00:00",
      "rswitchDefaultVlan": 0,
      "portMacAddress": "06:b0:00:02:10:44",
      "sendPort": 0,
      "routing": true,
      "hostEnable": true,
      "description": null,
      "trunk": null,
      "ethMode": null,
      "vlagId": null,
      "lacpIndividual": "",
      "stpPort": null,
      "mirrorOnly": null,
      "loopVlans": null
    },
    {
      "networkCode": 1,
      "code": 69,
      "switchName": "aquila02",
      "intf": 69,
      "switchId": "184549409",
      "port": "69",
      "speed": 10000,
      "egressRateLimit": null,
      "autoneg": "no-autoneg",
      "jumbo": "jumbo",
      "enable": "enable",
      "lacpMode": "off",
      "lacpPriority": 32768,
      "lacpTimeout": "slow",
      "stpPortCost": 2000,
      "stpPortPriority": 128,
      "reflect": "no-reflect",
      "edgeSwitch": false,
      "pause": true,
      "loopback": "default",
      "receiveOnly": "no-mirror-receive-only",
      "lport": 69,
      "remRswitchPortMac": "00:00:00:00:00:00",
      "rswitchDefaultVlan": 0,
      "portMacAddress": "06:b0:00:02:10:45",
      "sendPort": 0,
      "routing": true,
      "hostEnable": true,
      "description": null,
      "trunk": 255,
      "ethMode": null,
      "vlagId": null,
      "lacpIndividual": "",
      "stpPort": null,
      "mirrorOnly": null,
      "loopVlans": null
    },
    {
      "networkCode": 1,
      "code": 70,
      "switchName": "aquila02",
      "intf": 70,
      "switchId": "184549409",
      "port": "70",
      "speed": 10000,
      "egressRateLimit": null,
      "autoneg": "no-autoneg",
      "jumbo": "jumbo",
      "enable": "enable",
      "lacpMode": "off",
      "lacpPriority": 32768,
      "lacpTimeout": "slow",
      "stpPortCost": 2000,
      "stpPortPriority": 128,
      "reflect": "no-reflect",
      "edgeSwitch": false,
      "pause": true,
      "loopback": "default",
      "receiveOnly": "no-mirror-receive-only",
      "lport": 70,
      "remRswitchPortMac": "00:00:00:00:00:00",
      "rswitchDefaultVlan": 0,
      "portMacAddress": "06:b0:00:02:10:46",
      "sendPort": 0,
      "routing": true,
      "hostEnable": true,
      "description": null,
      "trunk": 255,
      "ethMode": null,
      "vlagId": null,
      "lacpIndividual": "",
      "stpPort": null,
      "mirrorOnly": null,
      "loopVlans": null
    },
    {
      "networkCode": 1,
      "code": 71,
      "switchName": "aquila02",
      "intf": 71,
      "switchId": "184549409",
      "port": "71",
      "speed": 10000,
      "egressRateLimit": null,
      "autoneg": "no-autoneg",
      "jumbo": "jumbo",
      "enable": "enable",
      "lacpMode": "off",
      "lacpPriority": 32768,
      "lacpTimeout": "slow",
      "stpPortCost": 2000,
      "stpPortPriority": 128,
      "reflect": "no-reflect",
      "edgeSwitch": false,
      "pause": true,
      "loopback": "default",
      "receiveOnly": "no-mirror-receive-only",
      "lport": 71,
      "remRswitchPortMac": "00:00:00:00:00:00",
      "rswitchDefaultVlan": 0,
      "portMacAddress": "06:b0:00:02:10:47",
      "sendPort": 0,
      "routing": true,
      "hostEnable": true,
      "description": null,
      "trunk": 255,
      "ethMode": null,
      "vlagId": null,
      "lacpIndividual": "",
      "stpPort": null,
      "mirrorOnly": null,
      "loopVlans": null
    },
    {
      "networkCode": 1,
      "code": 72,
      "switchName": "aquila02",
      "intf": 72,
      "switchId": "184549409",
      "port": "72",
      "speed": 10000,
      "egressRateLimit": null,
      "autoneg": "no-autoneg",
      "jumbo": "jumbo",
      "enable": "enable",
      "lacpMode": "off",
      "lacpPriority": 32768,
      "lacpTimeout": "slow",
      "stpPortCost": 2000,
      "stpPortPriority": 128,
      "reflect": "no-reflect",
      "edgeSwitch": false,
      "pause": true,
      "loopback": "default",
      "receiveOnly": "no-mirror-receive-only",
      "lport": 72,
      "remRswitchPortMac": "00:00:00:00:00:00",
      "rswitchDefaultVlan": 0,
      "portMacAddress": "06:b0:00:02:10:48",
      "sendPort": 0,
      "routing": true,
      "hostEnable": true,
      "description": null,
      "trunk": 255,
      "ethMode": null,
      "vlagId": null,
      "lacpIndividual": "",
      "stpPort": null,
      "mirrorOnly": null,
      "loopVlans": null
    }
  ]
}