{
  "message": "Data found successfully.",
  "result": [
    {
      "time": "2016-09-02T05:10:26",
      "vnet": "",
      "vlan": 1,
      "public-vlan": 8,
      "vxlan": 0,
      "ibytes": 27400,
      "ipkts": 38,
      "idrops-bytes": 0,
      "idrops-pkts": 0,
      "obytes": 0,
      "opkts": 0,
      "odrops-bytes": 0,
      "odrops-pkts": 0
    },
    {
      "time": "2016-09-02T05:10:26",
      "vnet": "",
      "vlan": 8,
      "public-vlan": 8,
      "vxlan": 0,
      "ibytes": 274464,
      "ipkts": 3812,
      "idrops-bytes": 0,
      "idrops-pkts": 0,
      "obytes": 0,
      "opkts": 0,
      "odrops-bytes": 0,
      "odrops-pkts": 0
    }
  ]
}