{
  "message": "Data found successfully.",
  "result": [
    {
      "networkCode": 1,
      "code": 4,
      "switchName": "aquila02",
      "intf": 4,
      "switchId": "184549409",
      "port": "4",
      "speed": 40000,
      "egressRateLimit": 0,
      "autoneg": "no-autoneg",
      "jumbo": "no-jumbo",
      "enable": "enable",
      "lacpMode": "off",
      "lacpPriority": 32768,
      "lacpTimeout": "slow",
      "stpPortCost": 500,
      "stpPortPriority": 128,
      "reflect": "no-reflect",
      "edgeSwitch": false,
      "pause": false,
      "loopback": "default",
      "receiveOnly": "no-mirror-receive-only",
      "lport": 4,
      "remRswitchPortMac": "06:b0:00:0a:20:05",
      "rswitchDefaultVlan": 1,
      "portMacAddress": "06:b0:00:02:10:04",
      "sendPort": 0,
      "routing": true,
      "hostEnable": true,
	  "ethMode": null,
      "vlagId": null,
      "lacpIndividual": "",
      "stpPort": null,
      "mirrorOnly": null,
      "loopVlans": null,
	  "trunk": 129,
	  "trunkName": "auto-128",
	  "vlan": 2,
	  "description": "to spine01",
	  "lldpNeighbour" : "LLDP Neighbor 1"
    },
    {
      "networkCode": 1,
      "code": 8,
      "switchName": "aquila02",
      "intf": 8,
      "switchId": "184549409",
      "port": "8",
      "speed": 40000,
      "egressRateLimit": 0,
      "autoneg": "no-autoneg",
      "jumbo": "no-jumbo",
      "enable": "enable",
      "lacpMode": "off",
      "lacpPriority": 32768,
      "lacpTimeout": "slow",
      "stpPortCost": 500,
      "stpPortPriority": 128,
      "reflect": "no-reflect",
      "edgeSwitch": false,
      "pause": false,
      "loopback": "default",
      "receiveOnly": "no-mirror-receive-only",
      "lport": 8,
      "remRswitchPortMac": "06:b0:00:0a:20:04",
      "rswitchDefaultVlan": 1,
      "portMacAddress": "06:b0:00:02:10:08",
      "sendPort": 0,
      "routing": true,
      "hostEnable": true,
      "ethMode": null,
      "vlagId": null,
      "lacpIndividual": "",
      "stpPort": null,
      "mirrorOnly": null,
      "loopVlans": null,
	  "trunk": null,
	  "trunkName": "",
	  "vlan": null
    },
    {
      "networkCode": 1,
      "code": 36,
      "switchName": "aquila02",
      "intf": 36,
      "switchId": "184549409",
      "port": "36",
      "speed": 40000,
      "egressRateLimit": 0,
      "autoneg": "no-autoneg",
      "jumbo": "no-jumbo",
      "enable": "enable",
      "lacpMode": "off",
      "lacpPriority": 32768,
      "lacpTimeout": "slow",
      "stpPortCost": 500,
      "stpPortPriority": 128,
      "reflect": "no-reflect",
      "edgeSwitch": false,
      "pause": false,
      "loopback": "default",
      "receiveOnly": "no-mirror-receive-only",
      "lport": 36,
      "remRswitchPortMac": "06:b0:00:0a:30:04",
      "rswitchDefaultVlan": 1,
      "portMacAddress": "06:b0:00:02:10:24",
      "sendPort": 0,
      "routing": true,
      "hostEnable": true,
      "ethMode": null,
      "vlagId": null,
      "lacpIndividual": "",
      "stpPort": null,
      "mirrorOnly": null,
      "loopVlans": null,
	  "trunk": 129,
	  "trunkName": "auto-129",
	  "vlan": null,
	  "description": "to spine01",
	  "lldpNeighbour" : "LLDP Neighbor 1"
    },
    {
      "networkCode": 1,
      "code": 40,
      "switchName": "aquila02",
      "intf": 40,
      "switchId": "184549409",
      "port": "40",
      "speed": 40000,
      "egressRateLimit": 0,
      "autoneg": "no-autoneg",
      "jumbo": "no-jumbo",
      "enable": "enable",
      "lacpMode": "off",
      "lacpPriority": 32768,
      "lacpTimeout": "slow",
      "stpPortCost": 500,
      "stpPortPriority": 128,
      "reflect": "no-reflect",
      "edgeSwitch": false,
      "pause": false,
      "loopback": "default",
      "receiveOnly": "no-mirror-receive-only",
      "lport": 40,
      "remRswitchPortMac": "06:b0:00:0a:30:05",
      "rswitchDefaultVlan": 1,
      "portMacAddress": "06:b0:00:02:10:28",
      "sendPort": 0,
      "routing": true,
      "hostEnable": true,
      "ethMode": null,
      "vlagId": null,
      "lacpIndividual": "",
      "stpPort": null,
      "mirrorOnly": null,
      "loopVlans": null,
	  "trunk": null,
	  "trunkName": "",
	  "vlan": 2,
	  "description": "to spine01",
	  "lldpNeighbour" : ""
    }
  ]
}