{
  "message": "Data found successfully.",
  "result": [
    {
      "time": "2016-09-09T02:52:39",
      "port": "4",
      "counter": 0,
      "ibytes": 92313153157,
      "iUpkts": 77474387,
      "iBpkts": 0,
      "iMpkts": 39560,
      "iPauseFs": 0,
      "iCongDrops": 0,
      "idiscards": 138,
      "ierrs": 0,
      "obytes": 14010369402,
      "oUpkts": 36188998,
      "oBpkts": 5056416,
      "oMpkts": 22669273,
      "oPauseFs": 0,
      "oCongDrops": 0,
      "odiscards": 0,
      "oerrs": 0,
      "mtu-errs": 0,
      "port-speed": 40000
    }
  ]
}