{
  "message": "Data found successfully.",
  "result": [
    {
      "time": "2016-06-11T00:00:33",
      "switch": 184549409,
      "code": 11026,
      "name": "stp_port_state",
      "count": 7,
      "last-message": "STP Port State Change: port=22 vlan=49: Forwarding -> Disabled"
    },
    {
      "time": "2016-06-11T00:00:33",
      "switch": 184549541,
      "code": 11003,
      "name": "port_down",
      "count": 2,
      "last-message": "down"
    },
	{
         "category":"system",
         "time":"2016-06-11,00:11:20.247004-07:00",
         "switch":"eta",
         "program":"nvOSd",
         "pid":2414,
         "name":"ip_moved",
         "code":11369,
         "level":"critical",
         "message":"Moving ip=103.103.103.20 from old-mac=00:50:56:95:47:28 to new-mac=00:50:56:95:15:3e",
         "starting-point":227,
         "length":6291006
      },
      {
         "category":"system",
         "time":"2016-06-11,00:14:54.919943-07:00",
         "switch":"eta",
         "program":"nvOSd",
         "pid":2414,
         "name":"ip_moved",
         "code":11369,
         "level":"warn",
         "message":"Moving ip=103.103.103.20 from old-mac=00:50:56:95:15:3e to new-mac=00:50:56:95:47:28",
         "starting-point":227,
         "length":6291250
      },
      {
         "category":"system",
         "time":"2016-06-11,00:26:20.249867-07:00",
         "switch":"eta",
         "program":"nvOSd",
         "pid":2414,
         "name":"ip_moved",
         "code":11369,
         "level":"error",
         "message":"Moving ip=103.103.103.20 from old-mac=00:50:56:95:47:28 to new-mac=00:50:56:95:15:3e",
         "starting-point":227,
         "length":6291494
      },
      {
         "category":"system",
         "time":"2016-06-11,00:29:54.923994-07:00",
         "switch":"eta",
         "program":"nvOSd",
         "pid":2414,
         "name":"ip_moved",
         "code":11369,
         "level":"note",
         "message":"Moving ip=103.103.103.20 from old-mac=00:50:56:95:15:3e to new-mac=00:50:56:95:47:28",
         "starting-point":227,
         "length":6291738
      }
  ]
}