{"menuItems":[
	{
		"name" : "fabrics",
		"displayName": "Fabrics",
		"url" : "/fabrics",
		"view": "./fabrics.htm",
		"icon": "assets/images/icon-file.png",
		"privilege": "read",
		"modules": [
			{
				"name": "map",
				"displayName": "Map",
				"url" : "/map",
				"view": "./app/components/fabrics/map/map.view.htm",
				"icon": "assets/images/icon-file.png",
				"privilege": "read",
				"modules": [
					{
						"name": "ansible",
						"access": false
					}
				]
			},
			{
				"name": "switchInterfaces",
				"displayName": "Interfaces",
				"url" : "/interfaces",
				"view": "./app/components/fabrics/switch-interfaces/switch-interfaces.view.htm",
				"icon": "assets/images/icon-file.png",
				"privilege": "read"
			},
			{
				"name": "switches",
				"displayName": "Switches",
				"url" : "/switches",
				"view": "./app/components/fabrics/switches/switches.view.htm",
				"icon": "assets/images/icon-file.png",
				"privilege": "read"
			},
			{
				"name": "liveTraffic",
				"displayName": "Live Traffic",
				"url" : "/liveTraffic",
				"view": "./app/components/fabrics/live-traffic/live-traffic.view.htm",
				"icon": "assets/images/icon-file.png",
				"privilege": "read"
			},
			{
				"name": "network",
				"displayName": "Network",
				"url" : "/vlans",
				"view": "./app/components/fabrics/vlans/vlans.view.htm",
				"icon": "assets/images/icon-file.png",
				"privilege": "read"
			},
			{
				"name": "alarms",
				"displayName": "Alarms/Logs",
				"url" : "/alarms",
				"view": "./app/components/fabrics/alarms/alarms.view.htm",
				"icon": "assets/images/icon-file.png",
				"privilege": "read"
			},
			{
				"name": "inventory",
				"displayName": "Inventory",
				"url" : "/inventory",
				"view": "./app/components/fabrics/inventory/inventory.view.htm",
				"icon": "assets/images/icon-file.png",
				"privilege": "read"
			}
		]
	},
	{
		"name" : "notifications",
		"displayName": "Notifications",
		"url": "/notifications",
		"childrens": [
			{
				"name" : "errors",
				"displayName": "Errors",
				"url": "/notifications/errors",
				"view": "./errors.htm",
				"icon": "assets/images/icon-error.png"
			},
			{
				"name" : "traps",
				"displayName": "System Traps",
				"url": "/notifications/traps",
				"view": "./traps.htm",
				"icon":"assets/images/icon-systemtraps.png"
			}
		]
	},
	{
		"name" : "settings",
		"displayName": "Settings",
		"url": "/settings",
		"view": "settings.htm",
		"icon": "assets/images/icon-setting.png"
	}
]}