{
  "message": "Data found successfully.",
  "result": [
    {
      "code": 1,
      "name": "notification",
      "type": "AuditLog",
	  "pollingFrequency": 1,
	  "severity": 1,
	  "activeAge": 1,
	  "retriggerPeriod": 5,
      "action": "email",
      "state": "active",
      "shouldMatchAll": true,
      "conditions": [
        {
          "notificationCode": 1,
          "code": 1,
          "operand1": "name",
          "operator": "contains",
          "operand2": "crux"
        }
      ]
    },
    {
      "code": 4,
      "name": "notification1",
      "type": "AuditLog",
	  "pollingFrequency": 3,
	  "severity": 2,
	  "activeAge": 1,
	  "retriggerPeriod": 5,
      "action": "sms",
      "state": "active",
      "shouldMatchAll": true,
      "conditions": [
        {
          "notificationCode": 4,
          "code": 5,
          "operand1": "last-message",
          "operator": "contains",
          "operand2": "down"
        },
        {
          "notificationCode": 4,
          "code": 6,
          "operand1": "name",
          "operator": "contains",
          "operand2": "port"
        }
      ]
    },
    {
      "code": 6,
      "name": "notification",
      "type": "AuditLog",
	  "pollingFrequency": 5,
	  "severity": 3,
	  "activeAge": 1,
	  "retriggerPeriod": 5,
      "action": "email",
      "state": "active",
      "shouldMatchAll": true,
      "conditions": [
        {
          "notificationCode": 6,
          "code": 9,
          "operand1": "name",
          "operator": "contains",
          "operand2": "port"
        }
      ]
    },
    {
      "code": 7,
      "name": "notification",
      "type": "AlertLog",
	  "pollingFrequency": 6,
	  "severity": 1,
	  "activeAge": 1,
	  "retriggerPeriod": 5,
      "action": "email",
      "state": "active",
      "shouldMatchAll": true,
      "conditions": [
        {
          "notificationCode": 7,
          "code": 10,
          "operand1": "name",
          "operator": "contains",
          "operand2": "port"
        }
      ]
    },
    {
      "code": 8,
      "name": "notification",
      "type": "AuditLog",
	  "pollingFrequency": 3,
	  "severity": 1,
	  "activeAge": 1,
	  "retriggerPeriod": 5,
      "action": "sms",
      "state": "active",
      "shouldMatchAll": true,
      "conditions": [
        {
          "notificationCode": 8,
          "code": 11,
          "operand1": "name",
          "operator": "contains",
          "operand2": "port"
        }
      ]
    },
    {
      "code": 9,
      "name": "Notification",
      "type": "AlertLog",
	  "pollingFrequency": 10,
	  "severity": 1,
	  "activeAge": 1,
	  "retriggerPeriod": 5,
      "action": "email",
      "state": "active",
      "shouldMatchAll": false,
      "conditions": [
        {
          "notificationCode": 9,
          "code": 12,
          "operand1": "name",
          "operator": "contains",
          "operand2": "port"
        }
      ]
    },
    {
      "code": 10,
      "name": "Notification",
      "type": "AuditLog",
	  "pollingFrequency": 3,
	  "severity": 1,
	  "activeAge": 1,
	  "retriggerPeriod": 5,
      "action": "sms",
      "state": "inactive",
      "shouldMatchAll": true,
      "conditions": [
        {
          "notificationCode": 10,
          "code": 13,
          "operand1": "name",
          "operator": "contains",
          "operand2": "port"
        }
      ]
    },
    {
      "code": 11,
      "name": "Notification",
      "type": "AuditLog",
	  "pollingFrequency": 2,
	  "severity": 1,
	  "activeAge": 1,
	  "retriggerPeriod": 5,
      "action": "email",
      "state": "inactive",
      "shouldMatchAll": false,
      "conditions": [
        {
          "notificationCode": 11,
          "code": 14,
          "operand1": "name",
          "operator": "contains",
          "operand2": "port"
        }
      ]
    }
  ]
}