{
  "message": "Data found successfully.",
  "result": [
    {
      "iMpkts": 78407230,
      "iPauseFs": 0,
      "ierrs": 0,
      "port-speed": 320000,
      "oMpkts": 185816138,
      "code": 1,
      "ibytes": 1019442198309,
      "iUpkts": 1184602035,
      "odiscards": 6727,
      "counter": 0,
      "oUpkts": 1344365778,
      "idiscards": 186305885,
      "oBpkts": 76135784,
      "mtu-errs": 0,
      "iBpkts": 503309,
      "oPauseFs": 0,
      "oerrs": 0,
      "oCongDrops": 0,
      "iCongDrops": 0,
      "time": "2016-09-28T05:53:38",
      "obytes": 984217896841
    },
    {
      "iMpkts": 63883978,
      "iPauseFs": 0,
      "ierrs": 1,
      "port-speed": 49000,
      "oMpkts": 1278193509,
      "code": 65,
      "ibytes": 962272172791,
      "iUpkts": 2313107512,
      "odiscards": 37399,
      "counter": 0,
      "oUpkts": 6302564890,
      "idiscards": 146136291,
      "oBpkts": 1081989656,
      "mtu-errs": 1,
      "iBpkts": 28177784,
      "oPauseFs": 0,
      "oerrs": 0,
      "oCongDrops": 0,
      "iCongDrops": 0,
      "time": "2016-09-28T05:53:38",
      "obytes": 1806883120679
    },
    {
      "iMpkts": 255106890,
      "iPauseFs": 0,
      "ierrs": 0,
      "port-speed": 50000,
      "oMpkts": 526258707,
      "code": 61,
      "ibytes": 396425750566,
      "iUpkts": 623716899,
      "odiscards": 8179,
      "counter": 0,
      "oUpkts": 1655089008,
      "idiscards": 350808183,
      "oBpkts": 296093146,
      "mtu-errs": 0,
      "iBpkts": 37577571,
      "oPauseFs": 0,
      "oerrs": 0,
      "oCongDrops": 0,
      "iCongDrops": 0,
      "time": "2016-09-28T05:53:43",
      "obytes": 664141179263
    },
    {
      "iMpkts": 114608600,
      "iPauseFs": 0,
      "ierrs": 0,
      "port-speed": 150000,
      "oMpkts": 384344224,
      "code": 58,
      "ibytes": 5178346506370,
      "iUpkts": 16182881865,
      "odiscards": 44152436,
      "counter": 0,
      "oUpkts": 17394921133,
      "idiscards": 1426,
      "oBpkts": 350649358,
      "mtu-errs": 0,
      "iBpkts": 27111410,
      "oPauseFs": 0,
      "oerrs": 0,
      "oCongDrops": 493,
      "iCongDrops": 0,
      "time": "2016-09-28T05:53:45",
      "obytes": 5312415103528
    },
    {
      "iMpkts": 194394323,
      "iPauseFs": 10,
      "ierrs": 0,
      "port-speed": 286000,
      "oMpkts": 783873543,
      "code": 54,
      "ibytes": 11963437657550,
      "iUpkts": 28603603043,
      "odiscards": 72953559,
      "counter": 0,
      "oUpkts": 30111602153,
      "idiscards": 69023,
      "oBpkts": 411977229,
      "mtu-errs": 0,
      "iBpkts": 37913626,
      "oPauseFs": 0,
      "oerrs": 0,
      "oCongDrops": 466,
      "iCongDrops": 0,
      "time": "2016-09-28T05:53:48",
      "obytes": 12221870841799
    },
    {
      "iMpkts": 62774110,
      "iPauseFs": 0,
      "ierrs": 0,
      "port-speed": 22000,
      "oMpkts": 286977049,
      "code": 60,
      "ibytes": 96389158160,
      "iUpkts": 179989285,
      "odiscards": 28927,
      "counter": 0,
      "oUpkts": 1279132362,
      "idiscards": 142533886,
      "oBpkts": 319439626,
      "mtu-errs": 0,
      "iBpkts": 28145900,
      "oPauseFs": 0,
      "oerrs": 0,
      "oCongDrops": 0,
      "iCongDrops": 0,
      "time": "2016-09-28T05:53:51",
      "obytes": 257654835303
    },
    {
      "iMpkts": 63781743,
      "iPauseFs": 0,
      "ierrs": 0,
      "port-speed": 35000,
      "oMpkts": 870610041,
      "code": 62,
      "ibytes": 870391867715,
      "iUpkts": 2773399534,
      "odiscards": 73807,
      "counter": 0,
      "oUpkts": 5304724204,
      "idiscards": 145972524,
      "oBpkts": 696858420,
      "mtu-errs": 0,
      "iBpkts": 28283895,
      "oPauseFs": 0,
      "oerrs": 0,
      "oCongDrops": 0,
      "iCongDrops": 0,
      "time": "2016-09-28T05:53:52",
      "obytes": 1427780414260
    },
    {
      "iMpkts": 769534820,
      "iPauseFs": 0,
      "ierrs": 30,
      "port-speed": 140000,
      "oMpkts": 591094082,
      "code": 59,
      "ibytes": 14189158431706,
      "iUpkts": 31053884502,
      "odiscards": 532632696,
      "counter": 0,
      "oUpkts": 62671703334,
      "idiscards": 6738808,
      "oBpkts": 563849677,
      "mtu-errs": 0,
      "iBpkts": 40511620,
      "oPauseFs": 0,
      "oerrs": 0,
      "oCongDrops": 2344516,
      "iCongDrops": 0,
      "time": "2016-09-28T05:53:56",
      "obytes": 26732557367055
    },
    {
      "iMpkts": 149502701,
      "iPauseFs": 13546919,
      "ierrs": 0,
      "port-speed": 141000,
      "oMpkts": 530042300,
      "code": 56,
      "ibytes": 2903601618743,
      "iUpkts": 4964371817,
      "odiscards": 46964237,
      "counter": 0,
      "oUpkts": 5926161871,
      "idiscards": 1792418,
      "oBpkts": 278704940,
      "mtu-errs": 0,
      "iBpkts": 28333797,
      "oPauseFs": 0,
      "oerrs": 0,
      "oCongDrops": 0,
      "iCongDrops": 0,
      "time": "2016-09-28T05:54:01",
      "obytes": 3192586903117
    },
    {
      "iMpkts": 62723305,
      "iPauseFs": 0,
      "ierrs": 0,
      "port-speed": 15000,
      "oMpkts": 75268424,
      "code": 67,
      "ibytes": 55968238188,
      "iUpkts": 133900762,
      "odiscards": 0,
      "counter": 0,
      "oUpkts": 558201847,
      "idiscards": 142284813,
      "oBpkts": 140694413,
      "mtu-errs": 0,
      "iBpkts": 28143310,
      "oPauseFs": 0,
      "oerrs": 0,
      "oCongDrops": 0,
      "iCongDrops": 0,
      "time": "2016-09-28T05:54:04",
      "obytes": 70409570865
    },
    {
      "iMpkts": 176073217,
      "iPauseFs": 0,
      "ierrs": 0,
      "port-speed": 320000,
      "oMpkts": 144708987,
      "code": 55,
      "ibytes": 941844309066,
      "iUpkts": 1093916711,
      "odiscards": 535,
      "counter": 0,
      "oUpkts": 1972656258,
      "idiscards": 286106601,
      "oBpkts": 224389018,
      "mtu-errs": 0,
      "iBpkts": 37513663,
      "oPauseFs": 0,
      "oerrs": 0,
      "oCongDrops": 0,
      "iCongDrops": 0,
      "time": "2016-09-28T05:54:06",
      "obytes": 1036885192299
    },
    {
      "iMpkts": 63704355,
      "iPauseFs": 0,
      "ierrs": 2,
      "port-speed": 45000,
      "oMpkts": 1013625380,
      "code": 66,
      "ibytes": 159420194516,
      "iUpkts": 257673109,
      "odiscards": 77195,
      "counter": 0,
      "oUpkts": 3798363988,
      "idiscards": 143180296,
      "oBpkts": 959527458,
      "mtu-errs": 2,
      "iBpkts": 28156343,
      "oPauseFs": 0,
      "oerrs": 0,
      "oCongDrops": 0,
      "iCongDrops": 0,
      "time": "2016-09-28T05:54:08",
      "obytes": 829902353622
    },
    {
      "iMpkts": 63597847,
      "iPauseFs": 0,
      "ierrs": 0,
      "port-speed": 27000,
      "oMpkts": 552416497,
      "code": 68,
      "ibytes": 233799288137,
      "iUpkts": 567326812,
      "odiscards": 68741,
      "counter": 0,
      "oUpkts": 1885925526,
      "idiscards": 143512940,
      "oBpkts": 374295933,
      "mtu-errs": 0,
      "iBpkts": 28225038,
      "oPauseFs": 0,
      "oerrs": 0,
      "oCongDrops": 0,
      "iCongDrops": 0,
      "time": "2016-09-28T05:54:10",
      "obytes": 565789166832
    },
    {
      "iMpkts": 65073971,
      "iPauseFs": 0,
      "ierrs": 12,
      "port-speed": 39000,
      "oMpkts": 878527517,
      "code": 71,
      "ibytes": 779368270413,
      "iUpkts": 786072146,
      "odiscards": 2420974,
      "counter": 0,
      "oUpkts": 3752976456,
      "idiscards": 147190742,
      "oBpkts": 810489464,
      "mtu-errs": 10,
      "iBpkts": 28196704,
      "oPauseFs": 0,
      "oerrs": 0,
      "oCongDrops": 0,
      "iCongDrops": 0,
      "time": "2016-09-28T05:54:12",
      "obytes": 1343680090558
    }
  ]
}