{
  "message": "Data found successfully.",
  "result": [
    {
      "code": 1,
      "ip": "10.20.9.137",
      "port": "80",
      "protocol": "http",
      "uri": "vRest",
      "userId": "abarbier",
      "password": "SupermanisClarkKent",
      "triggerDeviceDiscovery": false,
      "deviceDiscoveryStatus": "completed",
      "fabName": "pn-fab",
      "fabId": "b000021:52a1b620",
      "clusterId": "0:0",
      "localMac": "64:0e:94:2c:00:7a",
      "fabricNetwork": "in-band",
      "nodes": null,
      "links": null,
      "name": "pn-fab"
    },
    {
      "code": 2,
      "ip": "10.20.10.1",
      "port": "80",
      "protocol": "http",
      "uri": "vRest",
      "userId": "abarbier",
      "password": "SupermanisClarkKent",
      "triggerDeviceDiscovery": false,
      "deviceDiscoveryStatus": "completed",
      "fabName": "prod",
      "fabId": "a0000f1:53a45f45",
      "clusterId": "a0000f1:0",
      "localMac": "64:0e:94:28:03:8e",
      "fabricNetwork": "in-band",
      "nodes": null,
      "links": null,
      "name": "prod"
    },
    {
      "code": 3,
      "ip": "10.20.10.13",
      "port": "80",
      "protocol": "http",
      "uri": "vRest",
      "userId": "pukat12",
      "password": "SupermanisClarkKent",
      "triggerDeviceDiscovery": false,
      "deviceDiscoveryStatus": "failed",
      "fabName": "prod",
      "fabId": "a0000f1:53a45f45",
      "clusterId": "a0000f1:0",
      "localMac": "64:0e:94:28:03:8e",
      "fabricNetwork": "in-band",
      "nodes": null,
      "links": null,
      "name": "prod",
	  "error": "Connection time out!"
    },
    {
      "code": 4,
      "ip": "10.20.11.22",
      "port": "80",
      "protocol": "http",
      "uri": "vRest",
      "userId": "ramkrishna",
      "password": "SupermanisClarkKent",
      "triggerDeviceDiscovery": false,
      "deviceDiscoveryStatus": "initialized",
      "fabName": "prod",
      "fabId": "a0000f1:53a45f45",
      "clusterId": "a0000f1:0",
      "localMac": "64:0e:94:28:03:8e",
      "fabricNetwork": "in-band",
      "nodes": null,
      "links": null,
      "name": "prod"
    },
    {
      "code": 5,
      "ip": "10.20.10.56",
      "port": "80",
      "protocol": "http",
      "uri": "vRest",
      "userId": "thomas25",
      "password": "SupermanisClarkKent",
      "triggerDeviceDiscovery": false,
      "deviceDiscoveryStatus": "failed",
      "fabName": "prod",
      "fabId": "a0000f1:53a45f45",
      "clusterId": "a0000f1:0",
      "localMac": "64:0e:94:28:03:8e",
      "fabricNetwork": "in-band",
      "nodes": null,
      "links": null,
      "name": "prod"
    },
    {
      "code": 6,
      "ip": "10.20.15.20",
      "port": "80",
      "protocol": "http",
      "uri": "vRest",
      "userId": "krishnakant2",
      "password": "SupermanisClarkKent",
      "triggerDeviceDiscovery": true,
      "deviceDiscoveryStatus": "",
      "fabName": "prod",
      "fabId": "a0000f1:53a45f45",
      "clusterId": "a0000f1:0",
      "localMac": "64:0e:94:28:03:8e",
      "fabricNetwork": "in-band",
      "nodes": null,
      "links": null,
      "name": "prod"
    }
  ]
}