{
  "message": "Data found successfully.",
  "result": [
    {
      "networkCode": 1,
      "code": 1,
      "id": "184549409",
      "name": "aquila02",
      "fabName": "pn-fab",
      "fabId": "b000021:52a1b620",
      "clusterId": "0:0",
      "localMac": "64:0e:94:2c:00:7a",
      "fabricNetwork": "in-band",
      "controlNetwork": "in-band",
      "mgmtIp": "10.20.9.137",
      "mgmtNetmask": 16,
      "mgmtMac": "64:0e:94:2c:00:78",
      "mgmtSecondaryMacs": null,
      "inBandIp": "192.168.2.31",
      "inBandNetmask": 16,
      "inBandMac": "64:0e:94:2c:00:7a",
      "inBandVlan": 0,
      "inBandSecondaryMacs": null,
      "fabTid": 4252,
      "clusterTid": 0,
      "outPort": 0,
      "version": "2.4.204019827,pn-nvOS-2.4.1-2040112371",
      "state": "online",
      "firmwareUpgrade": "not-required",
      "deviceState": "ok",
      "ports": "72",
      "type": "B,R",
      "fabMcastIp": null,
      "mgmtL3Port": null,
      "inBandL3Port": null,
      "portCount": 72,
      "vnetId": "0:0",
      "mgmtPublicVlan": 0,
      "inBandVlanType": "public",
      "inBandPublicVlan": 0
    },
    {
      "networkCode": 1,
      "code": 2,
      "id": "184549538",
      "name": "spine01",
      "fabName": "pn-fab",
      "fabId": "b000021:52a1b620",
      "clusterId": "b0000a2:0",
      "localMac": "64:0e:94:2c:01:9f",
      "fabricNetwork": "in-band",
      "controlNetwork": "in-band",
      "mgmtIp": "10.20.9.121",
      "mgmtNetmask": 16,
      "mgmtMac": "64:0e:94:2c:01:9d",
      "mgmtSecondaryMacs": null,
      "inBandIp": "192.168.20.121",
      "inBandNetmask": 16,
      "inBandMac": "00:00:00:00:00:00",
      "inBandVlan": 0,
      "inBandSecondaryMacs": null,
      "fabTid": 4252,
      "clusterTid": 19,
      "outPort": 128,
      "version": "2.4.204019827,pn-nvOS-2.4.1-2040112371",
      "state": "online",
      "firmwareUpgrade": "not-required",
      "deviceState": "ok",
      "ports": "104",
      "type": "B,R",
      "fabMcastIp": null,
      "mgmtL3Port": null,
      "inBandL3Port": null,
      "portCount": 104,
      "vnetId": "0:0",
      "mgmtPublicVlan": 0,
      "inBandVlanType": "public",
      "inBandPublicVlan": 0
    },
    {
      "networkCode": 1,
      "code": 3,
      "id": "167772236",
      "name": "pn-dev01",
      "fabName": "pn-fab",
      "fabId": "b000021:52a1b620",
      "clusterId": "0:0",
      "localMac": "64:0e:94:28:00:fa",
      "fabricNetwork": "in-band",
      "controlNetwork": "in-band",
      "mgmtIp": "10.20.19.103",
      "mgmtNetmask": 16,
      "mgmtMac": "64:0e:94:28:00:fb",
      "mgmtSecondaryMacs": null,
      "inBandIp": "192.168.20.3",
      "inBandNetmask": 16,
      "inBandMac": "00:00:00:00:00:00",
      "inBandVlan": 0,
      "inBandSecondaryMacs": null,
      "fabTid": 4252,
      "clusterTid": 0,
      "outPort": 63,
      "version": "2.4.204019827,pn-nvOS-2.4.1-2040112371",
      "state": "online",
      "firmwareUpgrade": "not-required",
      "deviceState": "ok",
      "ports": "72",
      "type": "B,R",
      "fabMcastIp": null,
      "mgmtL3Port": null,
      "inBandL3Port": null,
      "portCount": 72,
      "vnetId": "0:0",
      "mgmtPublicVlan": 0,
      "inBandVlanType": "public",
      "inBandPublicVlan": 0
    },
    {
      "networkCode": 1,
      "code": 4,
      "id": "184549539",
      "name": "spine02",
      "fabName": "pn-fab",
      "fabId": "b000021:52a1b620",
      "clusterId": "b0000a2:0",
      "localMac": "64:0e:94:2c:01:a5",
      "fabricNetwork": "in-band",
      "controlNetwork": "in-band",
      "mgmtIp": "10.20.9.122",
      "mgmtNetmask": 16,
      "mgmtMac": "64:0e:94:2c:01:a3",
      "mgmtSecondaryMacs": null,
      "inBandIp": "192.168.20.122",
      "inBandNetmask": 16,
      "inBandMac": "00:00:00:00:00:00",
      "inBandVlan": 0,
      "inBandSecondaryMacs": null,
      "fabTid": 4252,
      "clusterTid": 19,
      "outPort": 128,
      "version": "2.4.204019827,pn-nvOS-2.4.1-2040112371",
      "state": "online",
      "firmwareUpgrade": "not-required",
      "deviceState": "ok",
      "ports": "104",
      "type": "B,R",
      "fabMcastIp": null,
      "mgmtL3Port": null,
      "inBandL3Port": null,
      "portCount": 104,
      "vnetId": "0:0",
      "mgmtPublicVlan": 0,
      "inBandVlanType": "public",
      "inBandPublicVlan": 0
    },
    {
      "networkCode": 1,
      "code": 5,
      "id": "184549528",
      "name": "pn-dev02",
      "fabName": "pn-fab",
      "fabId": "b000021:52a1b620",
      "clusterId": "0:0",
      "localMac": "64:0e:94:2c:01:7a",
      "fabricNetwork": "in-band",
      "controlNetwork": "in-band",
      "mgmtIp": "10.20.9.148",
      "mgmtNetmask": 16,
      "mgmtMac": "64:0e:94:2c:01:7c",
      "mgmtSecondaryMacs": null,
      "inBandIp": "192.168.2.41",
      "inBandNetmask": 16,
      "inBandMac": "64:0e:94:2c:01:7a",
      "inBandVlan": 0,
      "inBandSecondaryMacs": null,
      "fabTid": 4252,
      "clusterTid": 0,
      "outPort": 128,
      "version": "2.4.204019827,pn-nvOS-2.4.1-2040112371",
      "state": "online",
      "firmwareUpgrade": "not-required",
      "deviceState": "ok",
      "ports": "72",
      "type": "B,R",
      "fabMcastIp": null,
      "mgmtL3Port": null,
      "inBandL3Port": null,
      "portCount": 72,
      "vnetId": "0:0",
      "mgmtPublicVlan": 0,
      "inBandVlanType": "public",
      "inBandPublicVlan": 0
    },
    {
      "networkCode": 1,
      "code": 6,
      "id": "167772422",
      "name": "pn-dev03",
      "fabName": "pn-fab",
      "fabId": "b000021:52a1b620",
      "clusterId": "0:0",
      "localMac": "64:0e:94:28:03:e2",
      "fabricNetwork": "in-band",
      "controlNetwork": "in-band",
      "mgmtIp": "10.20.9.157",
      "mgmtNetmask": 16,
      "mgmtMac": "64:0e:94:28:03:e4",
      "mgmtSecondaryMacs": null,
      "inBandIp": "192.168.2.61",
      "inBandNetmask": 16,
      "inBandMac": "00:00:00:00:00:00",
      "inBandVlan": 0,
      "inBandSecondaryMacs": null,
      "fabTid": 4252,
      "clusterTid": 0,
      "outPort": 46,
      "version": "2.4.204019827,pn-nvOS-2.4.1-2040112371",
      "state": "online",
      "firmwareUpgrade": "not-required",
      "deviceState": "ok",
      "ports": "72",
      "type": "B,R",
      "fabMcastIp": null,
      "mgmtL3Port": null,
      "inBandL3Port": null,
      "portCount": 72,
      "vnetId": "0:0",
      "mgmtPublicVlan": 0,
      "inBandVlanType": "public",
      "inBandPublicVlan": 0
    },
    {
      "networkCode": 1,
      "code": 7,
      "id": "184549541",
      "name": "cruxb1",
      "fabName": "pn-fab",
      "fabId": "b000021:52a1b620",
      "clusterId": "0:0",
      "localMac": "64:0e:94:30:02:59",
      "fabricNetwork": "in-band",
      "controlNetwork": "in-band",
      "mgmtIp": "10.20.19.116",
      "mgmtNetmask": 16,
      "mgmtMac": "64:0e:94:30:02:57",
      "mgmtSecondaryMacs": null,
      "inBandIp": "192.168.20.116",
      "inBandNetmask": 16,
      "inBandMac": "00:00:00:00:00:00",
      "inBandVlan": 0,
      "inBandSecondaryMacs": null,
      "fabTid": 4252,
      "clusterTid": 0,
      "outPort": 43,
      "version": "2.4.204019827,pn-nvOS-2.4.1-2040112371",
      "state": "online",
      "firmwareUpgrade": "not-required",
      "deviceState": "ok",
      "ports": "72",
      "type": "B,R",
      "fabMcastIp": null,
      "mgmtL3Port": null,
      "inBandL3Port": null,
      "portCount": 72,
      "vnetId": "0:0",
      "mgmtPublicVlan": 0,
      "inBandVlanType": "public",
      "inBandPublicVlan": 0
    },
    {
      "networkCode": 1,
      "code": 8,
      "id": "184549544",
      "name": "pn-lab01",
      "fabName": "pn-fab",
      "fabId": "b000021:52a1b620",
      "clusterId": "0:0",
      "localMac": "64:0e:94:c0:00:3a",
      "fabricNetwork": "in-band",
      "controlNetwork": "in-band",
      "mgmtIp": "10.9.9.111",
      "mgmtNetmask": 16,
      "mgmtMac": "64:0e:94:c0:00:3e",
      "mgmtSecondaryMacs": null,
      "inBandIp": "192.168.2.11",
      "inBandNetmask": 16,
      "inBandMac": "00:00:00:00:00:00",
      "inBandVlan": 0,
      "inBandSecondaryMacs": null,
      "fabTid": 4252,
      "clusterTid": 0,
      "outPort": 61,
      "version": "2.4.204019827,pn-nvOS-2.4.1-2040112371",
      "state": "online",
      "firmwareUpgrade": "not-required",
      "deviceState": "ok",
      "ports": "0",
      "type": "B,R",
      "fabMcastIp": null,
      "mgmtL3Port": null,
      "inBandL3Port": null,
      "portCount": 72,
      "vnetId": "0:0",
      "mgmtPublicVlan": 0,
      "inBandVlanType": "public",
      "inBandPublicVlan": 0
    },
    {
      "networkCode": 1,
      "code": 9,
      "id": "184549542",
      "name": "cruxb3",
      "fabName": "pn-fab",
      "fabId": "b000021:52a1b620",
      "clusterId": "0:0",
      "localMac": "64:0e:94:30:02:5f",
      "fabricNetwork": "in-band",
      "controlNetwork": "in-band",
      "mgmtIp": "10.20.19.112",
      "mgmtNetmask": 16,
      "mgmtMac": "64:0e:94:30:02:5d",
      "mgmtSecondaryMacs": null,
      "inBandIp": "192.168.20.112",
      "inBandNetmask": 16,
      "inBandMac": "00:00:00:00:00:00",
      "inBandVlan": 0,
      "inBandSecondaryMacs": null,
      "fabTid": 4252,
      "clusterTid": 0,
      "outPort": 43,
      "version": "2.4.204019827,pn-nvOS-2.4.1-2040112371",
      "state": "online",
      "firmwareUpgrade": "not-required",
      "deviceState": "ok",
      "ports": "72",
      "type": "B,R",
      "fabMcastIp": null,
      "mgmtL3Port": null,
      "inBandL3Port": null,
      "portCount": 72,
      "vnetId": "0:0",
      "mgmtPublicVlan": 0,
      "inBandVlanType": "public",
      "inBandPublicVlan": 0
    },
    {
      "networkCode": 1,
      "code": 12,
      "id": "201326772",
      "name": "cruxb2",
      "fabName": "pn-fab",
      "fabId": "b000021:52a1b620",
      "clusterId": "0:0",
      "localMac": "64:0e:94:30:02:53",
      "fabricNetwork": "in-band",
      "controlNetwork": "in-band",
      "mgmtIp": "10.20.19.114",
      "mgmtNetmask": 16,
      "mgmtMac": "64:0e:94:30:02:51",
      "mgmtSecondaryMacs": null,
      "inBandIp": "192.168.20.114",
      "inBandNetmask": 16,
      "inBandMac": "00:00:00:00:00:00",
      "inBandVlan": 0,
      "inBandSecondaryMacs": null,
      "fabTid": 4252,
      "clusterTid": 0,
      "outPort": 43,
      "version": "2.4.204019827,pn-nvOS-2.4.1-2040112371",
      "state": "online",
      "firmwareUpgrade": "not-required",
      "deviceState": "ok",
      "ports": "72",
      "type": "B,R",
      "fabMcastIp": null,
      "mgmtL3Port": null,
      "inBandL3Port": null,
      "portCount": 72,
      "vnetId": "0:0",
      "mgmtPublicVlan": 0,
      "inBandVlanType": "public",
      "inBandPublicVlan": 0
    },
    {
      "networkCode": 1,
      "code": 13,
      "id": "201326777",
      "name": "cruxb0",
      "fabName": "pn-fab",
      "fabId": "b000021:52a1b620",
      "clusterId": "0:0",
      "localMac": "64:0e:94:30:02:71",
      "fabricNetwork": "in-band",
      "controlNetwork": "in-band",
      "mgmtIp": "10.20.19.118",
      "mgmtNetmask": 16,
      "mgmtMac": "64:0e:94:30:02:6f",
      "mgmtSecondaryMacs": null,
      "inBandIp": "192.168.20.118",
      "inBandNetmask": 16,
      "inBandMac": "00:00:00:00:00:00",
      "inBandVlan": 0,
      "inBandSecondaryMacs": null,
      "fabTid": 4252,
      "clusterTid": 0,
      "outPort": 43,
      "version": "2.4.204019827,pn-nvOS-2.4.1-2040112371",
      "state": "online",
      "firmwareUpgrade": "not-required",
      "deviceState": "ok",
      "ports": "72",
      "type": "B,R",
      "fabMcastIp": null,
      "mgmtL3Port": null,
      "inBandL3Port": null,
      "portCount": 72,
      "vnetId": "0:0",
      "mgmtPublicVlan": 0,
      "inBandVlanType": "public",
      "inBandPublicVlan": 0
    },
    {
      "networkCode": 1,
      "code": 14,
      "id": "184549540",
      "name": "cruxa3",
      "fabName": "pn-fab",
      "fabId": "b000021:52a1b620",
      "clusterId": "0:0",
      "localMac": "64:0e:94:30:02:8f",
      "fabricNetwork": "in-band",
      "controlNetwork": "in-band",
      "mgmtIp": "10.20.19.111",
      "mgmtNetmask": 16,
      "mgmtMac": "64:0e:94:30:02:8d",
      "mgmtSecondaryMacs": null,
      "inBandIp": "192.168.20.11",
      "inBandNetmask": 16,
      "inBandMac": "00:00:00:00:00:00",
      "inBandVlan": 0,
      "inBandSecondaryMacs": null,
      "fabTid": 4252,
      "clusterTid": 0,
      "outPort": 43,
      "version": "2.4.204019827,pn-nvOS-2.4.1-2040112371",
      "state": "online",
      "firmwareUpgrade": "not-required",
      "deviceState": "ok",
      "ports": "72",
      "type": "B,R",
      "fabMcastIp": null,
      "mgmtL3Port": null,
      "inBandL3Port": null,
      "portCount": 72,
      "vnetId": "0:0",
      "mgmtPublicVlan": 0,
      "inBandVlanType": "public",
      "inBandPublicVlan": 0
    },
    {
      "networkCode": 1,
      "code": 15,
      "id": "201326799",
      "name": "cruxa2",
      "fabName": "pn-fab",
      "fabId": "b000021:52a1b620",
      "clusterId": "0:0",
      "localMac": "64:0e:94:30:02:ef",
      "fabricNetwork": "in-band",
      "controlNetwork": "in-band",
      "mgmtIp": "10.20.19.113",
      "mgmtNetmask": 16,
      "mgmtMac": "64:0e:94:30:02:ed",
      "mgmtSecondaryMacs": null,
      "inBandIp": "192.168.20.113",
      "inBandNetmask": 16,
      "inBandMac": "00:00:00:00:00:00",
      "inBandVlan": 0,
      "inBandSecondaryMacs": null,
      "fabTid": 4252,
      "clusterTid": 0,
      "outPort": 43,
      "version": "2.4.204019827,pn-nvOS-2.4.1-2040112371",
      "state": "online",
      "firmwareUpgrade": "not-required",
      "deviceState": "ok",
      "ports": "72",
      "type": "B,R",
      "fabMcastIp": null,
      "mgmtL3Port": null,
      "inBandL3Port": null,
      "portCount": 72,
      "vnetId": "0:0",
      "mgmtPublicVlan": 0,
      "inBandVlanType": "public",
      "inBandPublicVlan": 0
    },
    {
      "networkCode": 1,
      "code": 18,
      "id": "201326761",
      "name": "cruxa0",
      "fabName": "pn-fab",
      "fabId": "b000021:52a1b620",
      "clusterId": "0:0",
      "localMac": "64:0e:94:30:02:11",
      "fabricNetwork": "in-band",
      "controlNetwork": "in-band",
      "mgmtIp": "10.20.19.117",
      "mgmtNetmask": 16,
      "mgmtMac": "64:0e:94:30:02:0f",
      "mgmtSecondaryMacs": null,
      "inBandIp": "192.168.20.117",
      "inBandNetmask": 16,
      "inBandMac": "00:00:00:00:00:00",
      "inBandVlan": 0,
      "inBandSecondaryMacs": null,
      "fabTid": 4252,
      "clusterTid": 0,
      "outPort": 43,
      "version": "2.4.204019827,pn-nvOS-2.4.1-2040112371",
      "state": "online",
      "firmwareUpgrade": "not-required",
      "deviceState": "ok",
      "ports": "72",
      "type": "B,R",
      "fabMcastIp": null,
      "mgmtL3Port": null,
      "inBandL3Port": null,
      "portCount": 72,
      "vnetId": "0:0",
      "mgmtPublicVlan": 0,
      "inBandVlanType": "public",
      "inBandPublicVlan": 0
    }
  ]
}